-- phpMyAdmin SQL Dump
-- version 4.9.0.1
-- https://www.phpmyadmin.net/
--
-- Servidor: sql303.infinityfree.com
-- Tiempo de generación: 18-07-2026 a las 08:07:18
-- Versión del servidor: 11.4.12-MariaDB
-- Versión de PHP: 7.2.22

SET SQL_MODE = "NO_AUTO_VALUE_ON_ZERO";
SET AUTOCOMMIT = 0;
START TRANSACTION;
SET time_zone = "+00:00";


/*!40101 SET @OLD_CHARACTER_SET_CLIENT=@@CHARACTER_SET_CLIENT */;
/*!40101 SET @OLD_CHARACTER_SET_RESULTS=@@CHARACTER_SET_RESULTS */;
/*!40101 SET @OLD_COLLATION_CONNECTION=@@COLLATION_CONNECTION */;
/*!40101 SET NAMES utf8mb4 */;

--
-- Base de datos: `if0_42341239_pokemonultimateleague`
--
CREATE DATABASE IF NOT EXISTS `if0_42341239_pokemonultimateleague` DEFAULT CHARACTER SET latin1 COLLATE latin1_swedish_ci;
USE `if0_42341239_pokemonultimateleague`;

-- --------------------------------------------------------

--
-- Estructura de tabla para la tabla `admin`
--

DROP TABLE IF EXISTS `admin`;
CREATE TABLE `admin` (
  `id` int(11) NOT NULL,
  `usuario` varchar(50) NOT NULL,
  `password` varchar(255) NOT NULL
) ENGINE=InnoDB DEFAULT CHARSET=utf8mb4 COLLATE=utf8mb4_general_ci;

--
-- Volcado de datos para la tabla `admin`
--

INSERT INTO `admin` (`id`, `usuario`, `password`) VALUES
(1, 'admin', '$2y$10$632nvsdJAlshxptP7kSSC.39KgunpPJBJOTADUhjL4CStZiirRxGG');

-- --------------------------------------------------------

--
-- Estructura de tabla para la tabla `competiciones`
--

DROP TABLE IF EXISTS `competiciones`;
CREATE TABLE `competiciones` (
  `id` int(11) NOT NULL,
  `nombre` varchar(100) NOT NULL,
  `tipo` enum('liga','copa','mundial','legendary') NOT NULL,
  `activa` tinyint(1) NOT NULL DEFAULT 1,
  `ruta` varchar(255) DEFAULT NULL
) ENGINE=InnoDB DEFAULT CHARSET=utf8mb4 COLLATE=utf8mb4_general_ci;

--
-- Volcado de datos para la tabla `competiciones`
--

INSERT INTO `competiciones` (`id`, `nombre`, `tipo`, `activa`, `ruta`) VALUES
(1, 'Liga Kanto', 'liga', 1, 'kanto.php'),
(2, 'Liga Johto', 'liga', 1, 'johto.php'),
(3, 'Liga Hoenn', 'liga', 0, 'hoenn.php'),
(4, 'Liga Sinnoh', 'liga', 0, 'sinnoh.php'),
(5, 'Liga Teselia', 'liga', 0, 'teselia.php'),
(6, 'Liga Kalos', 'liga', 0, 'kalos.php'),
(7, 'Liga Alola', 'liga', 0, 'alola.php'),
(8, 'Liga Galar', 'liga', 0, 'galar.php'),
(9, 'Liga Paldea', 'liga', 0, 'paldea.php'),
(10, 'Legendary League', 'legendary', 1, 'legendary.php'),
(11, 'Champions League', 'copa', 1, 'champions.php'),
(12, 'Mundial', 'mundial', 1, 'mundial.php');

-- --------------------------------------------------------

--
-- Estructura de tabla para la tabla `competiciones_temporadas`
--

DROP TABLE IF EXISTS `competiciones_temporadas`;
CREATE TABLE `competiciones_temporadas` (
  `id` int(11) NOT NULL,
  `competicion_id` int(11) NOT NULL,
  `temporada_id` int(11) NOT NULL,
  `jornadas` int(11) DEFAULT NULL,
  `grupos` int(11) DEFAULT NULL,
  `sets_fase` int(11) DEFAULT NULL,
  `sets_final` int(11) DEFAULT NULL,
  `fecha_actualizacion` datetime DEFAULT NULL
) ENGINE=InnoDB DEFAULT CHARSET=utf8mb4 COLLATE=utf8mb4_general_ci;

--
-- Volcado de datos para la tabla `competiciones_temporadas`
--

INSERT INTO `competiciones_temporadas` (`id`, `competicion_id`, `temporada_id`, `jornadas`, `grupos`, `sets_fase`, `sets_final`, `fecha_actualizacion`) VALUES
(1, 1, 1, 19, NULL, 1, NULL, '2026-07-16 02:46:59'),
(2, 10, 1, 1, NULL, 3, 3, '2026-07-16 04:50:02'),
(3, 11, 1, 3, 2, 2, 3, '2026-07-16 04:43:16'),
(4, 1, 2, 19, NULL, 1, NULL, '2026-07-17 08:31:57'),
(5, 2, 2, 19, NULL, 1, NULL, '2026-07-17 08:35:21'),
(6, 10, 2, 5, NULL, 2, NULL, '2026-07-17 08:30:29'),
(7, 11, 2, 3, 4, 2, 3, '2026-07-17 09:26:17'),
(8, 12, 2, 1, NULL, 1, NULL, '2026-07-15 16:02:02'),
(9, 1, 3, 19, NULL, 1, NULL, '2026-07-18 01:58:05'),
(10, 2, 3, 19, NULL, 1, NULL, '2026-07-18 04:16:16');

-- --------------------------------------------------------

--
-- Estructura de tabla para la tabla `mundial_ediciones`
--

DROP TABLE IF EXISTS `mundial_ediciones`;
CREATE TABLE `mundial_ediciones` (
  `id` int(11) NOT NULL,
  `competicion_temporada_id` int(11) NOT NULL,
  `region_campeona_id` int(11) DEFAULT NULL
) ENGINE=InnoDB DEFAULT CHARSET=utf8mb4 COLLATE=utf8mb4_general_ci;

--
-- Volcado de datos para la tabla `mundial_ediciones`
--

INSERT INTO `mundial_ediciones` (`id`, `competicion_temporada_id`, `region_campeona_id`) VALUES
(1, 8, 1);

-- --------------------------------------------------------

--
-- Estructura de tabla para la tabla `mundial_participantes`
--

DROP TABLE IF EXISTS `mundial_participantes`;
CREATE TABLE `mundial_participantes` (
  `id` int(11) NOT NULL,
  `mundial_id` int(11) NOT NULL,
  `region_id` int(11) NOT NULL,
  `pokemon_id` int(11) NOT NULL
) ENGINE=InnoDB DEFAULT CHARSET=utf8mb4 COLLATE=utf8mb4_general_ci;

--
-- Volcado de datos para la tabla `mundial_participantes`
--

INSERT INTO `mundial_participantes` (`id`, `mundial_id`, `region_id`, `pokemon_id`) VALUES
(1, 1, 1, 121),
(2, 1, 1, 145),
(3, 1, 1, 143),
(4, 1, 1, 144),
(5, 1, 1, 134),
(6, 1, 1, 135),
(7, 1, 2, 243),
(8, 1, 2, 245),
(9, 1, 2, 212),
(10, 1, 2, 157),
(11, 1, 2, 160),
(12, 1, 2, 230);

-- --------------------------------------------------------

--
-- Estructura de tabla para la tabla `mundial_regiones`
--

DROP TABLE IF EXISTS `mundial_regiones`;
CREATE TABLE `mundial_regiones` (
  `id` int(11) NOT NULL,
  `nombre` varchar(50) NOT NULL,
  `imagen` varchar(100) DEFAULT NULL
) ENGINE=InnoDB DEFAULT CHARSET=utf8mb4 COLLATE=utf8mb4_general_ci;

--
-- Volcado de datos para la tabla `mundial_regiones`
--

INSERT INTO `mundial_regiones` (`id`, `nombre`, `imagen`) VALUES
(1, 'Kanto', NULL),
(2, 'Johto', NULL),
(3, 'Hoenn', NULL),
(4, 'Sinnoh', NULL),
(5, 'Teselia', NULL),
(6, 'Kalos', NULL),
(7, 'Alola', NULL),
(8, 'Galar', NULL),
(9, 'Paldea', NULL);

-- --------------------------------------------------------

--
-- Estructura de tabla para la tabla `mundial_resultados`
--

DROP TABLE IF EXISTS `mundial_resultados`;
CREATE TABLE `mundial_resultados` (
  `id` int(11) NOT NULL,
  `mundial_id` int(11) NOT NULL,
  `region_local_id` int(11) NOT NULL,
  `region_visitante_id` int(11) NOT NULL,
  `puntos_local` int(11) NOT NULL,
  `puntos_visitante` int(11) NOT NULL
) ENGINE=InnoDB DEFAULT CHARSET=utf8mb4 COLLATE=utf8mb4_general_ci;

--
-- Volcado de datos para la tabla `mundial_resultados`
--

INSERT INTO `mundial_resultados` (`id`, `mundial_id`, `region_local_id`, `region_visitante_id`, `puntos_local`, `puntos_visitante`) VALUES
(1, 1, 1, 2, 6, 5);

-- --------------------------------------------------------

--
-- Estructura de tabla para la tabla `participantes`
--

DROP TABLE IF EXISTS `participantes`;
CREATE TABLE `participantes` (
  `id` int(11) NOT NULL,
  `competicion_temporada_id` int(11) NOT NULL,
  `pokemon_id` int(11) NOT NULL,
  `grupo` char(2) DEFAULT NULL
) ENGINE=InnoDB DEFAULT CHARSET=utf8mb4 COLLATE=utf8mb4_general_ci;

--
-- Volcado de datos para la tabla `participantes`
--

INSERT INTO `participantes` (`id`, `competicion_temporada_id`, `pokemon_id`, `grupo`) VALUES
(1, 1, 3, NULL),
(2, 1, 38, NULL),
(3, 1, 59, NULL),
(4, 1, 65, NULL),
(5, 1, 73, NULL),
(6, 1, 91, NULL),
(7, 1, 94, NULL),
(8, 1, 97, NULL),
(9, 1, 103, NULL),
(10, 1, 121, NULL),
(11, 1, 130, NULL),
(12, 1, 131, NULL),
(13, 1, 134, NULL),
(14, 1, 135, NULL),
(15, 1, 136, NULL),
(16, 1, 139, NULL),
(17, 1, 144, NULL),
(18, 1, 145, NULL),
(19, 1, 146, NULL),
(20, 1, 149, NULL),
(21, 2, 150, NULL),
(22, 2, 151, NULL),
(23, 3, 65, 'GA'),
(24, 3, 73, 'GB'),
(25, 3, 94, 'GA'),
(26, 3, 97, 'GB'),
(27, 3, 131, 'GB'),
(28, 3, 145, 'GA'),
(29, 4, 3, NULL),
(30, 4, 38, NULL),
(31, 4, 59, NULL),
(32, 4, 65, NULL),
(33, 4, 73, NULL),
(34, 4, 94, NULL),
(35, 4, 97, NULL),
(36, 4, 103, NULL),
(37, 4, 121, NULL),
(38, 4, 124, NULL),
(39, 4, 130, NULL),
(40, 4, 131, NULL),
(41, 4, 134, NULL),
(42, 4, 135, NULL),
(43, 4, 139, NULL),
(44, 4, 143, NULL),
(45, 4, 144, NULL),
(46, 4, 145, NULL),
(47, 4, 146, NULL),
(48, 4, 149, NULL),
(49, 5, 154, NULL),
(50, 5, 157, NULL),
(51, 5, 160, NULL),
(52, 5, 169, NULL),
(53, 5, 181, NULL),
(54, 5, 186, NULL),
(55, 5, 196, NULL),
(56, 5, 197, NULL),
(57, 5, 208, NULL),
(58, 5, 212, NULL),
(59, 5, 213, NULL),
(60, 5, 229, NULL),
(61, 5, 230, NULL),
(62, 5, 232, NULL),
(63, 5, 233, NULL),
(64, 5, 242, NULL),
(65, 5, 243, NULL),
(66, 5, 244, NULL),
(67, 5, 245, NULL),
(68, 5, 248, NULL),
(69, 6, 150, NULL),
(70, 6, 151, NULL),
(71, 6, 249, NULL),
(72, 6, 250, NULL),
(73, 6, 251, NULL),
(74, 7, 65, 'GD'),
(75, 7, 94, 'GA'),
(76, 7, 121, 'GC'),
(77, 7, 134, 'GC'),
(78, 7, 135, 'GB'),
(79, 7, 143, 'GC'),
(80, 7, 157, 'GD'),
(81, 7, 160, 'GD'),
(82, 7, 212, 'GB'),
(83, 7, 230, 'GA'),
(84, 7, 243, 'GB'),
(85, 7, 245, 'GA'),
(86, 8, 121, NULL),
(87, 8, 134, NULL),
(88, 8, 135, NULL),
(89, 8, 143, NULL),
(90, 8, 144, NULL),
(91, 8, 145, NULL),
(92, 8, 157, NULL),
(93, 8, 160, NULL),
(94, 8, 212, NULL),
(95, 8, 230, NULL),
(96, 8, 243, NULL),
(97, 8, 245, NULL),
(98, 9, 3, NULL),
(99, 9, 59, NULL),
(100, 9, 65, NULL),
(101, 9, 73, NULL),
(102, 9, 94, NULL),
(103, 9, 97, NULL),
(104, 9, 103, NULL),
(105, 9, 114, NULL),
(106, 9, 121, NULL),
(107, 9, 124, NULL),
(108, 9, 128, NULL),
(109, 9, 131, NULL),
(110, 9, 134, NULL),
(111, 9, 135, NULL),
(112, 9, 139, NULL),
(113, 9, 143, NULL),
(114, 9, 144, NULL),
(115, 9, 145, NULL),
(116, 9, 146, NULL),
(117, 9, 149, NULL),
(118, 10, 154, NULL),
(119, 10, 157, NULL),
(120, 10, 160, NULL),
(121, 10, 181, NULL),
(122, 10, 186, NULL),
(123, 10, 196, NULL),
(124, 10, 197, NULL),
(125, 10, 200, NULL),
(126, 10, 208, NULL),
(127, 10, 212, NULL),
(128, 10, 214, NULL),
(129, 10, 229, NULL),
(130, 10, 230, NULL),
(131, 10, 233, NULL),
(132, 10, 242, NULL),
(133, 10, 243, NULL),
(134, 10, 244, NULL),
(135, 10, 245, NULL),
(136, 10, 248, NULL),
(137, 10, 251, NULL);

-- --------------------------------------------------------

--
-- Estructura de tabla para la tabla `partidos`
--

DROP TABLE IF EXISTS `partidos`;
CREATE TABLE `partidos` (
  `id` int(11) NOT NULL,
  `competicion_temporada_id` int(11) NOT NULL,
  `fase` enum('L','GA','GB','GC','GD','GE','GF','GG','GH','SF','F') NOT NULL,
  `jornada` int(11) DEFAULT NULL,
  `local_id` int(11) NOT NULL,
  `visitante_id` int(11) NOT NULL
) ENGINE=InnoDB DEFAULT CHARSET=utf8mb4 COLLATE=utf8mb4_general_ci;

--
-- Volcado de datos para la tabla `partidos`
--

INSERT INTO `partidos` (`id`, `competicion_temporada_id`, `fase`, `jornada`, `local_id`, `visitante_id`) VALUES
(1, 1, 'L', 1, 19, 13),
(2, 1, 'L', 1, 11, 20),
(3, 1, 'L', 1, 4, 3),
(4, 1, 'L', 1, 2, 10),
(5, 1, 'L', 1, 14, 5),
(6, 1, 'L', 1, 8, 16),
(7, 1, 'L', 1, 6, 1),
(8, 1, 'L', 1, 12, 9),
(9, 1, 'L', 1, 15, 17),
(10, 1, 'L', 1, 7, 18),
(11, 1, 'L', 2, 4, 11),
(12, 1, 'L', 2, 20, 2),
(13, 1, 'L', 2, 3, 14),
(14, 1, 'L', 2, 8, 10),
(15, 1, 'L', 2, 5, 13),
(16, 1, 'L', 2, 6, 16),
(17, 1, 'L', 2, 19, 9),
(18, 1, 'L', 2, 1, 15),
(19, 1, 'L', 2, 7, 12),
(20, 1, 'L', 2, 18, 17),
(21, 1, 'L', 3, 2, 11),
(22, 1, 'L', 3, 4, 14),
(23, 1, 'L', 3, 8, 20),
(24, 1, 'L', 3, 3, 13),
(25, 1, 'L', 3, 10, 6),
(26, 1, 'L', 3, 9, 5),
(27, 1, 'L', 3, 15, 16),
(28, 1, 'L', 3, 17, 12),
(29, 1, 'L', 3, 7, 19),
(30, 1, 'L', 3, 1, 18),
(31, 1, 'L', 4, 14, 11),
(32, 1, 'L', 4, 16, 18),
(33, 1, 'L', 4, 20, 6),
(34, 1, 'L', 4, 2, 8),
(35, 1, 'L', 4, 4, 13),
(36, 1, 'L', 4, 17, 19),
(37, 1, 'L', 4, 7, 5),
(38, 1, 'L', 4, 9, 3),
(39, 1, 'L', 4, 1, 12),
(40, 1, 'L', 4, 10, 15),
(42, 1, 'L', 5, 14, 13),
(43, 1, 'L', 5, 7, 3),
(44, 1, 'L', 5, 5, 17),
(45, 1, 'L', 5, 18, 10),
(46, 1, 'L', 5, 16, 12),
(47, 1, 'L', 5, 8, 11),
(48, 1, 'L', 5, 6, 2),
(49, 1, 'L', 5, 20, 15),
(50, 1, 'L', 5, 4, 9),
(51, 1, 'L', 5, 1, 19),
(52, 1, 'L', 6, 11, 13),
(53, 1, 'L', 6, 8, 6),
(54, 1, 'L', 6, 9, 14),
(55, 1, 'L', 6, 2, 15),
(56, 1, 'L', 6, 12, 10),
(57, 1, 'L', 6, 19, 16),
(58, 1, 'L', 6, 17, 3),
(59, 1, 'L', 6, 1, 5),
(60, 1, 'L', 6, 7, 4),
(61, 1, 'L', 6, 18, 20),
(62, 1, 'L', 7, 11, 6),
(63, 1, 'L', 7, 13, 9),
(64, 1, 'L', 7, 20, 12),
(65, 1, 'L', 7, 19, 10),
(66, 1, 'L', 7, 8, 15),
(67, 1, 'L', 7, 4, 17),
(68, 1, 'L', 7, 5, 16),
(69, 1, 'L', 7, 1, 3),
(70, 1, 'L', 7, 18, 2),
(71, 1, 'L', 7, 7, 14),
(72, 1, 'L', 8, 14, 17),
(73, 1, 'L', 8, 4, 1),
(74, 1, 'L', 8, 16, 3),
(75, 1, 'L', 8, 20, 19),
(76, 1, 'L', 8, 2, 12),
(77, 1, 'L', 8, 10, 5),
(78, 1, 'L', 8, 18, 8),
(79, 1, 'L', 8, 9, 11),
(80, 1, 'L', 8, 6, 15),
(81, 1, 'L', 8, 7, 13),
(82, 1, 'L', 9, 5, 20),
(83, 1, 'L', 9, 18, 6),
(84, 1, 'L', 9, 4, 16),
(85, 1, 'L', 9, 8, 12),
(86, 1, 'L', 9, 11, 15),
(87, 1, 'L', 9, 17, 13),
(88, 1, 'L', 9, 2, 19),
(89, 1, 'L', 9, 10, 3),
(90, 1, 'L', 9, 14, 1),
(91, 1, 'L', 9, 7, 9),
(92, 1, 'L', 10, 20, 3),
(93, 1, 'L', 10, 12, 6),
(94, 1, 'L', 10, 1, 13),
(95, 1, 'L', 10, 5, 2),
(96, 1, 'L', 10, 15, 18),
(97, 1, 'L', 10, 8, 19),
(98, 1, 'L', 10, 17, 9),
(99, 1, 'L', 10, 14, 16),
(100, 1, 'L', 10, 4, 10),
(101, 1, 'L', 10, 7, 11),
(102, 1, 'L', 11, 19, 6),
(103, 1, 'L', 11, 2, 3),
(104, 1, 'L', 11, 12, 15),
(105, 1, 'L', 11, 18, 11),
(106, 1, 'L', 11, 9, 1),
(107, 1, 'L', 11, 16, 13),
(108, 1, 'L', 11, 8, 5),
(109, 1, 'L', 11, 14, 10),
(110, 1, 'L', 11, 20, 4),
(111, 1, 'L', 11, 7, 17),
(112, 1, 'L', 12, 17, 11),
(113, 1, 'L', 12, 19, 15),
(114, 1, 'L', 12, 10, 13),
(115, 1, 'L', 12, 16, 9),
(116, 1, 'L', 12, 3, 8),
(117, 1, 'L', 12, 12, 18),
(118, 1, 'L', 12, 20, 14),
(119, 1, 'L', 12, 5, 6),
(120, 1, 'L', 12, 4, 2),
(121, 1, 'L', 12, 1, 7),
(122, 1, 'L', 13, 3, 6),
(123, 1, 'L', 13, 11, 12),
(124, 1, 'L', 13, 17, 1),
(125, 1, 'L', 13, 9, 10),
(126, 1, 'L', 13, 19, 18),
(127, 1, 'L', 13, 20, 13),
(128, 1, 'L', 13, 14, 2),
(129, 1, 'L', 13, 5, 15),
(130, 1, 'L', 13, 8, 4),
(131, 1, 'L', 13, 16, 7),
(132, 1, 'L', 14, 3, 15),
(133, 1, 'L', 14, 13, 2),
(134, 1, 'L', 14, 1, 11),
(135, 1, 'L', 14, 19, 12),
(136, 1, 'L', 14, 16, 17),
(137, 1, 'L', 14, 20, 9),
(138, 1, 'L', 14, 4, 6),
(139, 1, 'L', 14, 14, 8),
(140, 1, 'L', 14, 18, 5),
(141, 1, 'L', 14, 10, 7),
(142, 1, 'L', 15, 11, 19),
(143, 1, 'L', 15, 2, 9),
(144, 1, 'L', 15, 17, 10),
(145, 1, 'L', 15, 1, 16),
(146, 1, 'L', 15, 6, 14),
(147, 1, 'L', 15, 18, 3),
(148, 1, 'L', 15, 4, 15),
(149, 1, 'L', 15, 12, 5),
(150, 1, 'L', 15, 13, 8),
(151, 1, 'L', 15, 7, 20),
(152, 1, 'L', 16, 13, 6),
(153, 1, 'L', 16, 14, 15),
(154, 1, 'L', 16, 11, 16),
(155, 1, 'L', 16, 3, 12),
(156, 1, 'L', 16, 10, 1),
(157, 1, 'L', 16, 20, 17),
(158, 1, 'L', 16, 19, 5),
(159, 1, 'L', 16, 4, 18),
(160, 1, 'L', 16, 8, 9),
(161, 1, 'L', 16, 7, 2),
(162, 1, 'L', 17, 13, 15),
(163, 1, 'L', 17, 9, 6),
(164, 1, 'L', 17, 5, 11),
(165, 1, 'L', 17, 3, 19),
(166, 1, 'L', 17, 2, 17),
(167, 1, 'L', 17, 16, 10),
(168, 1, 'L', 17, 20, 1),
(169, 1, 'L', 17, 14, 18),
(170, 1, 'L', 17, 4, 12),
(171, 1, 'L', 17, 8, 7),
(172, 1, 'L', 18, 9, 15),
(173, 1, 'L', 18, 2, 1),
(174, 1, 'L', 18, 10, 11),
(175, 1, 'L', 18, 16, 20),
(176, 1, 'L', 18, 13, 18),
(177, 1, 'L', 18, 12, 14),
(178, 1, 'L', 18, 5, 3),
(179, 1, 'L', 18, 19, 4),
(180, 1, 'L', 18, 8, 17),
(181, 1, 'L', 18, 6, 7),
(182, 1, 'L', 19, 2, 16),
(183, 1, 'L', 19, 17, 6),
(184, 1, 'L', 19, 11, 3),
(185, 1, 'L', 19, 12, 13),
(186, 1, 'L', 19, 18, 9),
(187, 1, 'L', 19, 10, 20),
(188, 1, 'L', 19, 19, 14),
(189, 1, 'L', 19, 5, 4),
(190, 1, 'L', 19, 7, 15),
(191, 1, 'L', 19, 8, 1),
(192, 3, 'GA', 1, 23, 25),
(193, 3, 'GB', 1, 26, 24),
(194, 3, 'GA', 2, 28, 23),
(195, 3, 'GB', 2, 27, 24),
(196, 3, 'GA', 3, 25, 28),
(197, 3, 'GB', 3, 26, 27),
(198, 3, 'F', 0, 26, 23),
(199, 2, 'F', 0, 22, 21),
(200, 4, 'L', 1, 32, 46),
(201, 5, 'L', 1, 68, 57),
(202, 4, 'L', 1, 31, 44),
(203, 5, 'L', 1, 53, 62),
(204, 4, 'L', 1, 45, 38),
(205, 5, 'L', 1, 54, 56),
(206, 4, 'L', 1, 39, 36),
(207, 5, 'L', 1, 59, 60),
(208, 4, 'L', 1, 48, 42),
(209, 5, 'L', 1, 51, 55),
(210, 4, 'L', 1, 41, 37),
(211, 5, 'L', 1, 52, 58),
(212, 4, 'L', 1, 43, 33),
(213, 5, 'L', 1, 49, 64),
(214, 4, 'L', 1, 40, 47),
(215, 5, 'L', 1, 61, 67),
(216, 4, 'L', 1, 29, 35),
(217, 5, 'L', 1, 66, 63),
(218, 4, 'L', 1, 34, 30),
(219, 5, 'L', 1, 65, 50),
(220, 4, 'L', 2, 47, 41),
(221, 5, 'L', 2, 67, 62),
(222, 4, 'L', 2, 30, 42),
(223, 5, 'L', 2, 52, 59),
(224, 6, 'L', 1, 70, 73),
(225, 4, 'L', 2, 48, 39),
(226, 5, 'L', 2, 68, 64),
(227, 4, 'L', 2, 45, 37),
(228, 5, 'L', 2, 55, 54),
(229, 4, 'L', 2, 31, 38),
(230, 5, 'L', 2, 51, 57),
(231, 4, 'L', 2, 33, 34),
(232, 6, 'L', 1, 71, 69),
(233, 5, 'L', 2, 50, 49),
(234, 4, 'L', 2, 29, 43),
(235, 5, 'L', 2, 66, 65),
(236, 4, 'L', 2, 46, 44),
(237, 5, 'L', 2, 58, 63),
(238, 4, 'L', 2, 36, 32),
(239, 5, 'L', 2, 56, 61),
(240, 4, 'L', 2, 35, 40),
(241, 5, 'L', 2, 60, 53),
(242, 4, 'L', 3, 45, 47),
(243, 5, 'L', 3, 66, 49),
(244, 4, 'L', 3, 46, 38),
(245, 5, 'L', 3, 62, 61),
(246, 4, 'L', 3, 40, 43),
(247, 5, 'L', 3, 59, 63),
(248, 4, 'L', 3, 41, 35),
(249, 5, 'L', 3, 57, 54),
(250, 4, 'L', 3, 39, 30),
(251, 5, 'L', 3, 60, 67),
(252, 4, 'L', 3, 42, 33),
(253, 5, 'L', 3, 50, 68),
(254, 4, 'L', 3, 37, 31),
(255, 5, 'L', 3, 51, 64),
(256, 4, 'L', 3, 34, 29),
(257, 5, 'L', 3, 56, 55),
(258, 4, 'L', 3, 32, 44),
(259, 5, 'L', 3, 53, 52),
(260, 4, 'L', 3, 48, 36),
(261, 5, 'L', 3, 65, 58),
(262, 4, 'L', 4, 31, 47),
(263, 5, 'L', 4, 66, 68),
(264, 4, 'L', 4, 35, 45),
(265, 5, 'L', 4, 67, 52),
(266, 4, 'L', 4, 33, 39),
(267, 5, 'L', 4, 62, 60),
(268, 4, 'L', 4, 32, 48),
(269, 5, 'L', 4, 61, 55),
(270, 4, 'L', 4, 34, 40),
(271, 5, 'L', 4, 58, 49),
(272, 4, 'L', 4, 43, 41),
(273, 5, 'L', 4, 64, 54),
(274, 4, 'L', 4, 42, 29),
(275, 5, 'L', 4, 57, 56),
(276, 4, 'L', 4, 30, 36),
(277, 5, 'L', 4, 50, 51),
(278, 4, 'L', 4, 37, 46),
(279, 5, 'L', 4, 65, 59),
(280, 4, 'L', 4, 44, 38),
(281, 5, 'L', 4, 63, 53),
(282, 4, 'L', 5, 32, 38),
(283, 5, 'L', 5, 52, 62),
(284, 4, 'L', 5, 45, 43),
(285, 5, 'L', 5, 55, 57),
(286, 4, 'L', 5, 46, 47),
(287, 5, 'L', 5, 60, 61),
(288, 4, 'L', 5, 35, 31),
(289, 5, 'L', 5, 49, 59),
(290, 4, 'L', 5, 39, 29),
(291, 5, 'L', 5, 63, 67),
(292, 4, 'L', 5, 33, 36),
(293, 5, 'L', 5, 64, 56),
(294, 4, 'L', 5, 48, 30),
(295, 4, 'L', 5, 42, 40),
(296, 5, 'L', 5, 54, 50),
(297, 5, 'L', 5, 68, 58),
(298, 4, 'L', 5, 34, 41),
(299, 4, 'L', 5, 44, 37),
(300, 5, 'L', 5, 66, 51),
(301, 5, 'L', 5, 65, 53),
(302, 4, 'L', 6, 40, 39),
(303, 5, 'L', 6, 64, 55),
(304, 4, 'L', 6, 35, 46),
(305, 5, 'L', 6, 63, 62),
(306, 4, 'L', 6, 37, 38),
(307, 5, 'L', 6, 60, 52),
(308, 4, 'L', 6, 48, 33),
(309, 5, 'L', 6, 61, 57),
(310, 4, 'L', 6, 29, 36),
(311, 5, 'L', 6, 68, 59),
(312, 4, 'L', 6, 43, 31),
(313, 5, 'L', 6, 56, 50),
(314, 4, 'L', 6, 34, 45),
(315, 5, 'L', 6, 53, 49),
(316, 4, 'L', 6, 32, 30),
(317, 5, 'L', 6, 66, 54),
(318, 4, 'L', 6, 42, 41),
(319, 5, 'L', 6, 58, 51),
(320, 4, 'L', 6, 44, 47),
(321, 5, 'L', 6, 67, 65),
(322, 4, 'L', 7, 36, 40),
(323, 5, 'L', 7, 60, 63),
(324, 4, 'L', 7, 46, 43),
(325, 5, 'L', 7, 57, 64),
(326, 4, 'L', 7, 38, 47),
(327, 5, 'L', 7, 55, 50),
(328, 4, 'L', 7, 32, 37),
(329, 5, 'L', 7, 67, 49),
(330, 4, 'L', 7, 34, 31),
(331, 5, 'L', 7, 56, 66),
(332, 6, 'L', 2, 69, 72),
(333, 4, 'L', 7, 30, 33),
(334, 5, 'L', 7, 61, 52),
(335, 4, 'L', 7, 39, 41),
(336, 5, 'L', 7, 53, 68),
(337, 6, 'L', 2, 73, 71),
(338, 4, 'L', 7, 48, 29),
(339, 5, 'L', 7, 51, 59),
(340, 4, 'L', 7, 42, 45),
(341, 5, 'L', 7, 65, 62),
(342, 4, 'L', 7, 44, 35),
(343, 5, 'L', 7, 54, 58),
(344, 4, 'L', 8, 40, 48),
(345, 4, 'L', 8, 47, 37),
(346, 4, 'L', 8, 45, 39),
(347, 4, 'L', 8, 35, 38),
(348, 4, 'L', 8, 46, 34),
(349, 4, 'L', 8, 33, 32),
(350, 4, 'L', 8, 41, 36),
(351, 4, 'L', 8, 42, 31),
(352, 4, 'L', 8, 29, 30),
(353, 4, 'L', 8, 44, 43),
(354, 5, 'L', 8, 49, 62),
(355, 5, 'L', 8, 63, 52),
(356, 5, 'L', 8, 66, 55),
(357, 5, 'L', 8, 59, 54),
(358, 5, 'L', 8, 64, 61),
(359, 5, 'L', 8, 50, 57),
(360, 5, 'L', 8, 67, 68),
(361, 5, 'L', 8, 65, 60),
(362, 5, 'L', 8, 51, 53),
(363, 5, 'L', 8, 58, 56),
(364, 4, 'L', 9, 30, 40),
(365, 4, 'L', 9, 39, 31),
(366, 4, 'L', 9, 37, 35),
(367, 4, 'L', 9, 32, 47),
(368, 4, 'L', 9, 38, 43),
(369, 4, 'L', 9, 36, 45),
(370, 4, 'L', 9, 33, 29),
(371, 4, 'L', 9, 48, 41),
(372, 4, 'L', 9, 42, 46),
(373, 4, 'L', 9, 44, 34),
(374, 5, 'L', 9, 60, 49),
(375, 5, 'L', 9, 62, 68),
(376, 5, 'L', 9, 61, 63),
(377, 5, 'L', 9, 64, 50),
(378, 5, 'L', 9, 57, 66),
(379, 5, 'L', 9, 56, 59),
(380, 5, 'L', 9, 54, 53),
(381, 5, 'L', 9, 67, 51),
(382, 5, 'L', 9, 52, 65),
(383, 5, 'L', 9, 55, 58),
(384, 4, 'L', 10, 35, 47),
(385, 4, 'L', 10, 43, 37),
(386, 4, 'L', 10, 31, 36),
(387, 6, 'L', 3, 73, 72),
(388, 4, 'L', 10, 39, 46),
(389, 4, 'L', 10, 40, 33),
(390, 4, 'L', 10, 34, 38),
(391, 4, 'L', 10, 45, 48),
(392, 4, 'L', 10, 29, 32),
(393, 4, 'L', 10, 41, 30),
(394, 4, 'L', 10, 42, 44),
(395, 6, 'L', 3, 70, 71),
(396, 5, 'L', 10, 49, 52),
(397, 5, 'L', 10, 66, 64),
(398, 5, 'L', 10, 68, 60),
(399, 5, 'L', 10, 59, 55),
(400, 5, 'L', 10, 50, 61),
(401, 5, 'L', 10, 54, 67),
(402, 5, 'L', 10, 53, 56),
(403, 5, 'L', 10, 51, 62),
(404, 5, 'L', 10, 65, 63),
(405, 5, 'L', 10, 58, 57),
(406, 4, 'L', 11, 47, 43),
(407, 5, 'L', 11, 63, 49),
(408, 4, 'L', 11, 48, 31),
(409, 5, 'L', 11, 62, 54),
(410, 4, 'L', 11, 32, 35),
(411, 5, 'L', 11, 52, 68),
(412, 4, 'L', 11, 37, 34),
(413, 5, 'L', 11, 59, 57),
(414, 4, 'L', 11, 36, 46),
(415, 5, 'L', 11, 50, 66),
(416, 4, 'L', 11, 29, 40),
(417, 5, 'L', 11, 56, 67),
(418, 4, 'L', 11, 30, 45),
(419, 5, 'L', 11, 55, 53),
(420, 4, 'L', 11, 38, 42),
(421, 5, 'L', 11, 61, 65),
(422, 4, 'L', 11, 33, 41),
(423, 5, 'L', 11, 60, 51),
(424, 4, 'L', 11, 44, 39),
(425, 5, 'L', 11, 58, 64),
(426, 4, 'L', 12, 43, 35),
(427, 5, 'L', 12, 59, 64),
(428, 4, 'L', 12, 31, 30),
(429, 5, 'L', 12, 54, 60),
(430, 4, 'L', 12, 34, 47),
(431, 5, 'L', 12, 68, 63),
(432, 4, 'L', 12, 40, 32),
(433, 5, 'L', 12, 56, 62),
(434, 4, 'L', 12, 39, 38),
(435, 5, 'L', 12, 66, 61),
(436, 4, 'L', 12, 46, 48),
(437, 5, 'L', 12, 67, 55),
(438, 4, 'L', 12, 29, 41),
(439, 5, 'L', 12, 53, 57),
(440, 4, 'L', 12, 45, 33),
(441, 5, 'L', 12, 49, 65),
(442, 4, 'L', 12, 42, 37),
(443, 5, 'L', 12, 51, 52),
(444, 4, 'L', 12, 44, 36),
(445, 5, 'L', 12, 58, 50),
(446, 4, 'L', 13, 37, 39),
(447, 5, 'L', 13, 55, 62),
(448, 4, 'L', 13, 32, 43),
(449, 5, 'L', 13, 52, 54),
(450, 4, 'L', 13, 33, 31),
(451, 5, 'L', 13, 60, 56),
(452, 4, 'L', 13, 35, 34),
(453, 5, 'L', 13, 50, 59),
(454, 4, 'L', 13, 38, 36),
(455, 5, 'L', 13, 61, 49),
(456, 4, 'L', 13, 30, 46),
(457, 5, 'L', 13, 64, 53),
(458, 4, 'L', 13, 40, 41),
(459, 5, 'L', 13, 57, 67),
(460, 4, 'L', 13, 29, 45),
(461, 5, 'L', 13, 65, 68),
(462, 4, 'L', 13, 47, 42),
(463, 5, 'L', 13, 63, 51),
(464, 4, 'L', 13, 48, 44),
(465, 5, 'L', 13, 66, 58),
(466, 4, 'L', 14, 39, 47),
(467, 5, 'L', 14, 59, 66),
(468, 5, 'L', 14, 56, 52),
(469, 4, 'L', 14, 34, 43),
(470, 4, 'L', 14, 36, 37),
(471, 5, 'L', 14, 55, 60),
(472, 4, 'L', 14, 41, 32),
(473, 5, 'L', 14, 62, 57),
(474, 4, 'L', 14, 48, 38),
(475, 5, 'L', 14, 54, 63),
(476, 4, 'L', 14, 31, 29),
(477, 5, 'L', 14, 68, 49),
(478, 4, 'L', 14, 46, 33),
(479, 5, 'L', 14, 53, 50),
(480, 4, 'L', 14, 45, 40),
(481, 5, 'L', 14, 67, 64),
(482, 4, 'L', 14, 42, 35),
(483, 6, 'L', 4, 70, 72),
(484, 4, 'L', 14, 44, 30),
(485, 6, 'L', 4, 69, 73),
(486, 5, 'L', 14, 58, 61),
(487, 5, 'L', 14, 51, 65),
(488, 5, 'L', 15, 64, 62),
(489, 4, 'L', 15, 35, 39),
(490, 5, 'L', 15, 52, 55),
(491, 4, 'L', 15, 47, 36),
(492, 5, 'L', 15, 66, 53),
(493, 4, 'L', 15, 32, 34),
(494, 5, 'L', 15, 63, 56),
(495, 4, 'L', 15, 37, 48),
(496, 5, 'L', 15, 57, 60),
(497, 4, 'L', 15, 30, 38),
(498, 5, 'L', 15, 61, 68),
(499, 4, 'L', 15, 40, 31),
(500, 5, 'L', 15, 65, 54),
(501, 4, 'L', 15, 29, 46),
(502, 5, 'L', 15, 50, 67),
(503, 4, 'L', 15, 41, 45),
(504, 5, 'L', 15, 58, 59),
(505, 4, 'L', 15, 43, 42),
(506, 5, 'L', 15, 49, 51),
(507, 4, 'L', 15, 33, 44),
(508, 4, 'L', 16, 39, 43),
(509, 5, 'L', 16, 60, 64),
(510, 4, 'L', 16, 36, 35),
(511, 5, 'L', 16, 54, 49),
(512, 4, 'L', 16, 48, 47),
(513, 5, 'L', 16, 55, 63),
(514, 4, 'L', 16, 30, 37),
(515, 5, 'L', 16, 57, 52),
(516, 4, 'L', 16, 38, 33),
(517, 5, 'L', 16, 59, 61),
(518, 4, 'L', 16, 31, 41),
(519, 5, 'L', 16, 62, 50),
(520, 4, 'L', 16, 46, 40),
(521, 5, 'L', 16, 67, 66),
(522, 4, 'L', 16, 45, 32),
(523, 5, 'L', 16, 56, 65),
(524, 5, 'L', 16, 53, 58),
(525, 4, 'L', 16, 42, 34),
(526, 5, 'L', 16, 51, 68),
(527, 4, 'L', 16, 44, 29),
(528, 4, 'L', 17, 43, 36),
(529, 5, 'L', 17, 64, 52),
(530, 4, 'L', 17, 47, 30),
(531, 5, 'L', 17, 59, 53),
(532, 4, 'L', 17, 35, 48),
(533, 5, 'L', 17, 66, 62),
(534, 4, 'L', 17, 34, 39),
(535, 5, 'L', 17, 63, 57),
(536, 4, 'L', 17, 33, 37),
(537, 5, 'L', 17, 68, 54),
(538, 4, 'L', 17, 29, 38),
(539, 5, 'L', 17, 49, 56),
(540, 4, 'L', 17, 45, 31),
(541, 5, 'L', 17, 50, 60),
(542, 4, 'L', 17, 41, 46),
(543, 5, 'L', 17, 65, 55),
(544, 4, 'L', 17, 40, 44),
(545, 5, 'L', 17, 58, 67),
(546, 4, 'L', 17, 32, 42),
(547, 5, 'L', 17, 61, 51),
(548, 4, 'L', 18, 30, 35),
(549, 5, 'L', 18, 64, 63),
(550, 4, 'L', 18, 33, 47),
(551, 5, 'L', 18, 56, 68),
(552, 4, 'L', 18, 48, 43),
(553, 5, 'L', 18, 66, 60),
(554, 4, 'L', 18, 36, 34),
(555, 5, 'L', 18, 55, 49),
(556, 4, 'L', 18, 31, 32),
(557, 5, 'L', 18, 53, 61),
(558, 4, 'L', 18, 46, 45),
(559, 5, 'L', 18, 57, 65),
(560, 4, 'L', 18, 37, 29),
(561, 5, 'L', 18, 62, 58),
(562, 4, 'L', 18, 38, 40),
(563, 5, 'L', 18, 52, 50),
(564, 4, 'L', 18, 44, 41),
(565, 5, 'L', 18, 67, 59),
(566, 4, 'L', 18, 39, 42),
(567, 5, 'L', 18, 54, 51),
(568, 5, 'L', 19, 68, 55),
(569, 4, 'L', 19, 32, 39),
(570, 5, 'L', 19, 49, 57),
(571, 4, 'L', 19, 34, 48),
(572, 5, 'L', 19, 65, 64),
(573, 4, 'L', 19, 29, 47),
(574, 5, 'L', 19, 61, 54),
(575, 4, 'L', 19, 35, 33),
(576, 5, 'L', 19, 58, 60),
(577, 4, 'L', 19, 43, 30),
(578, 5, 'L', 19, 50, 63),
(579, 4, 'L', 19, 31, 46),
(580, 5, 'L', 19, 53, 67),
(581, 4, 'L', 19, 40, 37),
(582, 5, 'L', 19, 51, 56),
(583, 4, 'L', 19, 41, 38),
(584, 6, 'L', 5, 72, 71),
(585, 5, 'L', 19, 66, 52),
(586, 6, 'L', 5, 70, 69),
(587, 4, 'L', 19, 42, 36),
(588, 4, 'L', 19, 44, 45),
(589, 5, 'L', 19, 59, 62),
(590, 7, 'GA', 1, 85, 75),
(591, 7, 'GB', 1, 78, 84),
(592, 7, 'GC', 1, 79, 76),
(593, 7, 'GD', 1, 81, 74),
(594, 7, 'GA', 2, 83, 75),
(595, 7, 'GB', 2, 82, 84),
(596, 7, 'GC', 2, 77, 76),
(597, 7, 'GD', 2, 80, 74),
(598, 7, 'GA', 3, 85, 83),
(599, 7, 'GB', 3, 78, 82),
(600, 7, 'GC', 3, 77, 79),
(601, 7, 'GD', 3, 80, 81),
(602, 7, 'SF', 0, 85, 78),
(603, 7, 'SF', 0, 79, 74),
(604, 7, 'F', 0, 85, 79),
(605, 9, 'L', 1, 111, 117),
(606, 9, 'L', 1, 116, 108),
(607, 9, 'L', 1, 103, 105),
(608, 9, 'L', 1, 101, 102),
(609, 9, 'L', 1, 107, 100),
(610, 9, 'L', 1, 112, 109),
(611, 9, 'L', 1, 99, 115),
(612, 9, 'L', 1, 114, 106),
(613, 9, 'L', 1, 110, 104),
(614, 9, 'L', 1, 113, 98),
(615, 9, 'L', 2, 105, 116),
(616, 9, 'L', 2, 104, 112),
(617, 9, 'L', 2, 110, 113),
(618, 9, 'L', 2, 100, 101),
(619, 9, 'L', 2, 115, 111),
(620, 9, 'L', 2, 99, 98),
(621, 9, 'L', 2, 102, 114),
(622, 9, 'L', 2, 117, 107),
(623, 9, 'L', 2, 108, 106),
(624, 9, 'L', 2, 103, 109),
(625, 9, 'L', 3, 112, 113),
(626, 9, 'L', 3, 98, 111),
(627, 9, 'L', 3, 106, 105),
(628, 9, 'L', 3, 101, 117),
(629, 9, 'L', 3, 99, 110),
(630, 9, 'L', 3, 115, 107),
(631, 9, 'L', 3, 116, 109),
(632, 9, 'L', 3, 103, 104),
(633, 9, 'L', 3, 100, 102),
(634, 9, 'L', 3, 114, 108),
(635, 9, 'L', 4, 115, 101),
(636, 9, 'L', 4, 111, 110),
(637, 9, 'L', 4, 99, 112),
(638, 9, 'L', 4, 104, 116),
(639, 9, 'L', 4, 117, 102),
(640, 9, 'L', 4, 98, 107),
(641, 9, 'L', 4, 113, 103),
(642, 9, 'L', 4, 109, 106),
(643, 9, 'L', 4, 100, 114),
(644, 9, 'L', 4, 105, 108),
(645, 9, 'L', 5, 114, 105),
(646, 9, 'L', 5, 103, 99),
(655, 9, 'L', 5, 106, 104),
(656, 9, 'L', 5, 116, 113),
(657, 9, 'L', 5, 101, 98),
(658, 9, 'L', 5, 102, 115),
(659, 9, 'L', 5, 100, 117),
(660, 9, 'L', 5, 107, 110),
(661, 9, 'L', 5, 111, 112),
(662, 9, 'L', 5, 108, 109),
(663, 9, 'L', 6, 110, 101),
(664, 9, 'L', 6, 117, 114),
(665, 9, 'L', 6, 116, 99),
(666, 9, 'L', 6, 112, 107),
(667, 9, 'L', 6, 113, 106),
(668, 9, 'L', 6, 109, 105),
(669, 9, 'L', 6, 111, 103),
(670, 9, 'L', 6, 98, 102),
(671, 9, 'L', 6, 115, 100),
(672, 9, 'L', 6, 104, 108),
(673, 9, 'L', 7, 101, 112),
(674, 9, 'L', 7, 117, 115),
(675, 9, 'L', 7, 104, 105),
(676, 9, 'L', 7, 106, 99),
(677, 9, 'L', 7, 114, 109),
(678, 9, 'L', 7, 116, 111),
(679, 9, 'L', 7, 107, 103),
(680, 9, 'L', 7, 108, 113),
(681, 9, 'L', 7, 102, 110),
(682, 9, 'L', 7, 100, 98),
(683, 9, 'L', 8, 104, 109),
(684, 9, 'L', 8, 103, 101),
(685, 9, 'L', 8, 115, 114),
(686, 9, 'L', 8, 113, 105),
(687, 9, 'L', 8, 111, 106),
(688, 9, 'L', 8, 98, 117),
(689, 9, 'L', 8, 110, 100),
(690, 9, 'L', 8, 107, 116),
(691, 9, 'L', 8, 99, 108),
(692, 9, 'L', 8, 112, 102),
(693, 9, 'L', 9, 105, 99),
(694, 9, 'L', 9, 117, 110),
(695, 9, 'L', 9, 101, 116),
(696, 9, 'L', 9, 114, 104),
(697, 9, 'L', 9, 115, 98),
(698, 9, 'L', 9, 109, 113),
(699, 9, 'L', 9, 100, 112),
(700, 9, 'L', 9, 106, 107),
(701, 9, 'L', 9, 108, 111),
(702, 9, 'L', 9, 102, 103),
(703, 9, 'L', 10, 112, 117),
(704, 9, 'L', 10, 99, 109),
(705, 9, 'L', 10, 110, 115),
(706, 9, 'L', 10, 101, 106),
(707, 9, 'L', 10, 111, 105),
(708, 9, 'L', 10, 98, 114),
(709, 9, 'L', 10, 113, 104),
(710, 9, 'L', 10, 116, 102),
(711, 9, 'L', 10, 103, 100),
(712, 9, 'L', 10, 107, 108),
(713, 9, 'L', 11, 104, 99),
(714, 9, 'L', 11, 115, 112),
(715, 9, 'L', 11, 117, 103),
(716, 9, 'L', 11, 98, 110),
(717, 9, 'L', 11, 105, 107),
(718, 9, 'L', 11, 114, 113),
(719, 9, 'L', 11, 111, 109),
(720, 9, 'L', 11, 102, 106),
(721, 9, 'L', 11, 100, 116),
(722, 9, 'L', 11, 108, 101),
(723, 9, 'L', 12, 101, 105),
(724, 9, 'L', 12, 116, 117),
(725, 9, 'L', 12, 110, 114),
(726, 9, 'L', 12, 103, 115),
(727, 9, 'L', 12, 112, 98),
(728, 9, 'L', 12, 107, 109),
(729, 9, 'L', 12, 99, 113),
(730, 9, 'L', 12, 111, 104),
(731, 9, 'L', 12, 106, 100),
(732, 9, 'L', 12, 102, 108),
(733, 9, 'L', 13, 110, 112),
(734, 9, 'L', 13, 109, 101),
(735, 9, 'L', 13, 115, 116),
(736, 9, 'L', 13, 117, 106),
(737, 9, 'L', 13, 114, 99),
(738, 9, 'L', 13, 104, 107),
(739, 9, 'L', 13, 98, 103),
(740, 9, 'L', 13, 113, 111),
(741, 9, 'L', 13, 102, 105),
(742, 9, 'L', 13, 100, 108),
(743, 9, 'L', 14, 101, 104),
(744, 9, 'L', 14, 103, 110),
(745, 9, 'L', 14, 112, 114),
(746, 9, 'L', 14, 106, 115),
(747, 9, 'L', 14, 107, 113),
(748, 9, 'L', 14, 111, 99),
(749, 9, 'L', 14, 98, 116),
(750, 9, 'L', 14, 100, 105),
(751, 9, 'L', 14, 102, 109),
(752, 9, 'L', 14, 108, 117),
(753, 9, 'L', 15, 110, 116),
(754, 9, 'L', 15, 117, 105),
(755, 9, 'L', 15, 112, 103),
(756, 9, 'L', 15, 99, 107),
(757, 9, 'L', 15, 114, 111),
(758, 9, 'L', 15, 98, 106),
(759, 9, 'L', 15, 113, 101),
(760, 9, 'L', 15, 115, 108),
(761, 9, 'L', 15, 109, 100),
(762, 9, 'L', 15, 104, 102),
(763, 9, 'L', 16, 116, 112),
(764, 9, 'L', 16, 106, 110),
(765, 9, 'L', 16, 117, 109),
(766, 9, 'L', 16, 101, 99),
(767, 9, 'L', 16, 105, 115),
(768, 9, 'L', 16, 103, 114),
(769, 9, 'L', 16, 107, 111),
(770, 9, 'L', 16, 100, 104),
(771, 9, 'L', 16, 102, 113),
(772, 9, 'L', 16, 108, 98),
(773, 9, 'L', 17, 104, 117),
(774, 9, 'L', 17, 112, 106),
(775, 9, 'L', 17, 103, 116),
(776, 9, 'L', 17, 107, 114),
(777, 9, 'L', 17, 115, 109),
(778, 9, 'L', 17, 98, 105),
(779, 9, 'L', 17, 111, 101),
(780, 9, 'L', 17, 99, 102),
(781, 9, 'L', 17, 100, 113),
(782, 9, 'L', 17, 110, 108),
(783, 9, 'L', 18, 105, 110),
(784, 9, 'L', 18, 116, 114),
(785, 9, 'L', 18, 106, 103),
(786, 9, 'L', 18, 101, 107),
(787, 9, 'L', 18, 115, 104),
(788, 9, 'L', 18, 109, 98),
(789, 9, 'L', 18, 117, 113),
(790, 9, 'L', 18, 100, 99),
(791, 9, 'L', 18, 102, 111),
(792, 9, 'L', 18, 108, 112),
(793, 9, 'L', 19, 99, 117),
(794, 9, 'L', 19, 110, 109),
(795, 9, 'L', 19, 98, 104),
(796, 9, 'L', 19, 114, 101),
(797, 9, 'L', 19, 116, 106),
(798, 9, 'L', 19, 113, 115),
(799, 9, 'L', 19, 112, 105),
(800, 9, 'L', 19, 102, 107),
(801, 9, 'L', 19, 111, 100),
(802, 9, 'L', 19, 108, 103),
(803, 10, 'L', 1, 120, 122),
(804, 10, 'L', 1, 129, 137),
(805, 10, 'L', 1, 131, 136),
(806, 10, 'L', 1, 124, 121),
(807, 10, 'L', 1, 128, 134),
(808, 10, 'L', 1, 132, 125),
(809, 10, 'L', 1, 123, 133),
(810, 10, 'L', 1, 127, 130),
(811, 10, 'L', 1, 119, 118),
(812, 10, 'L', 1, 135, 126),
(813, 10, 'L', 2, 137, 130),
(814, 10, 'L', 2, 118, 128),
(815, 10, 'L', 2, 126, 123);
INSERT INTO `partidos` (`id`, `competicion_temporada_id`, `fase`, `jornada`, `local_id`, `visitante_id`) VALUES
(816, 10, 'L', 2, 136, 127),
(817, 10, 'L', 2, 122, 124),
(818, 10, 'L', 2, 125, 129),
(819, 10, 'L', 2, 121, 131),
(820, 10, 'L', 2, 133, 120),
(821, 10, 'L', 2, 134, 132),
(822, 10, 'L', 2, 135, 119),
(823, 10, 'L', 3, 136, 121),
(824, 10, 'L', 3, 124, 133),
(825, 10, 'L', 3, 130, 125),
(826, 10, 'L', 3, 123, 119),
(827, 10, 'L', 3, 127, 137),
(828, 10, 'L', 3, 120, 126),
(829, 10, 'L', 3, 132, 118),
(830, 10, 'L', 3, 129, 134),
(831, 10, 'L', 3, 128, 135),
(832, 10, 'L', 3, 131, 122),
(833, 10, 'L', 4, 122, 136),
(834, 10, 'L', 4, 125, 137),
(835, 10, 'L', 4, 126, 124),
(836, 10, 'L', 4, 119, 120),
(837, 10, 'L', 4, 129, 118),
(838, 10, 'L', 4, 132, 135),
(839, 10, 'L', 4, 134, 130),
(840, 10, 'L', 4, 123, 128),
(841, 10, 'L', 4, 121, 127),
(842, 10, 'L', 4, 133, 131),
(843, 10, 'L', 5, 136, 133),
(844, 10, 'L', 5, 124, 119),
(845, 10, 'L', 5, 121, 122),
(846, 10, 'L', 5, 137, 134),
(847, 10, 'L', 5, 129, 135),
(848, 10, 'L', 5, 132, 123),
(849, 10, 'L', 5, 127, 125),
(850, 10, 'L', 5, 120, 128),
(851, 10, 'L', 5, 130, 118),
(852, 10, 'L', 5, 131, 126);

-- --------------------------------------------------------

--
-- Estructura de tabla para la tabla `plazas_especiales`
--

DROP TABLE IF EXISTS `plazas_especiales`;
CREATE TABLE `plazas_especiales` (
  `id` int(11) NOT NULL,
  `competicion_temporada_id` int(11) NOT NULL,
  `participante_id` int(11) NOT NULL,
  `competicion` varchar(100) NOT NULL
) ENGINE=InnoDB DEFAULT CHARSET=utf8mb4 COLLATE=utf8mb4_general_ci;

--
-- Volcado de datos para la tabla `plazas_especiales`
--

INSERT INTO `plazas_especiales` (`id`, `competicion_temporada_id`, `participante_id`, `competicion`) VALUES
(4, 4, 32, 'Champions'),
(5, 4, 34, 'Champions'),
(6, 10, 120, 'Champions');

-- --------------------------------------------------------

--
-- Estructura de tabla para la tabla `pokemon`
--

DROP TABLE IF EXISTS `pokemon`;
CREATE TABLE `pokemon` (
  `id` int(11) NOT NULL,
  `nombre` varchar(100) NOT NULL,
  `generacion` int(11) NOT NULL,
  `tipo_primario` varchar(50) NOT NULL,
  `tipo_secundario` varchar(50) DEFAULT NULL,
  `imagen` varchar(255) NOT NULL
) ENGINE=InnoDB DEFAULT CHARSET=utf8mb4 COLLATE=utf8mb4_general_ci;

--
-- Volcado de datos para la tabla `pokemon`
--

INSERT INTO `pokemon` (`id`, `nombre`, `generacion`, `tipo_primario`, `tipo_secundario`, `imagen`) VALUES
(1, 'Bulbasaur', 1, 'Planta', 'Veneno', 'bulbasaur.png'),
(2, 'Ivysaur', 1, 'Planta', 'Veneno', 'ivysaur.png'),
(3, 'Venusaur', 1, 'Planta', 'Veneno', 'venusaur.png'),
(4, 'Charmander', 1, 'Fuego', NULL, 'charmander.png'),
(5, 'Charmeleon', 1, 'Fuego', NULL, 'charmeleon.png'),
(6, 'Charizard', 1, 'Fuego', 'Volador', 'charizard.png'),
(7, 'Squirtle', 1, 'Agua', NULL, 'squirtle.png'),
(8, 'Wartortle', 1, 'Agua', NULL, 'wartortle.png'),
(9, 'Blastoise', 1, 'Agua', NULL, 'blastoise.png'),
(10, 'Caterpie', 1, 'Bicho', NULL, 'caterpie.png'),
(11, 'Metapod', 1, 'Bicho', NULL, 'metapod.png'),
(12, 'Butterfree', 1, 'Bicho', 'Volador', 'butterfree.png'),
(13, 'Weedle', 1, 'Bicho', 'Veneno', 'weedle.png'),
(14, 'Kakuna', 1, 'Bicho', 'Veneno', 'kakuna.png'),
(15, 'Beedrill', 1, 'Bicho', 'Veneno', 'beedrill.png'),
(16, 'Pidgey', 1, 'Normal', 'Volador', 'pidgey.png'),
(17, 'Pidgeotto', 1, 'Normal', 'Volador', 'pidgeotto.png'),
(18, 'Pidgeot', 1, 'Normal', 'Volador', 'pidgeot.png'),
(19, 'Rattata', 1, 'Normal', NULL, 'rattata.png'),
(20, 'Raticate', 1, 'Normal', NULL, 'raticate.png'),
(21, 'Spearow', 1, 'Normal', 'Volador', 'spearow.png'),
(22, 'Fearow', 1, 'Normal', 'Volador', 'fearow.png'),
(23, 'Ekans', 1, 'Veneno', NULL, 'ekans.png'),
(24, 'Arbok', 1, 'Veneno', NULL, 'arbok.png'),
(25, 'Pikachu', 1, 'Eléctrico', NULL, 'pikachu.png'),
(26, 'Raichu', 1, 'Eléctrico', NULL, 'raichu.png'),
(27, 'Sandshrew', 1, 'Tierra', NULL, 'sandshrew.png'),
(28, 'Sandslash', 1, 'Tierra', NULL, 'sandslash.png'),
(29, 'Nidoran-F', 1, 'Veneno', NULL, 'nidoran-f.png'),
(30, 'Nidorina', 1, 'Veneno', NULL, 'nidorina.png'),
(31, 'Nidoqueen', 1, 'Veneno', 'Tierra', 'nidoqueen.png'),
(32, 'Nidoran-M', 1, 'Veneno', NULL, 'nidoran-m.png'),
(33, 'Nidorino', 1, 'Veneno', NULL, 'nidorino.png'),
(34, 'Nidoking', 1, 'Veneno', 'Tierra', 'nidoking.png'),
(35, 'Clefairy', 1, 'Hada', NULL, 'clefairy.png'),
(36, 'Clefable', 1, 'Hada', NULL, 'clefable.png'),
(37, 'Vulpix', 1, 'Fuego', NULL, 'vulpix.png'),
(38, 'Ninetales', 1, 'Fuego', NULL, 'ninetales.png'),
(39, 'Jigglypuff', 1, 'Normal', 'Hada', 'jigglypuff.png'),
(40, 'Wigglytuff', 1, 'Normal', 'Hada', 'wigglytuff.png'),
(41, 'Zubat', 1, 'Veneno', 'Volador', 'zubat.png'),
(42, 'Golbat', 1, 'Veneno', 'Volador', 'golbat.png'),
(43, 'Oddish', 1, 'Planta', 'Veneno', 'oddish.png'),
(44, 'Gloom', 1, 'Planta', 'Veneno', 'gloom.png'),
(45, 'Vileplume', 1, 'Planta', 'Veneno', 'vileplume.png'),
(46, 'Paras', 1, 'Bicho', 'Planta', 'paras.png'),
(47, 'Parasect', 1, 'Bicho', 'Planta', 'parasect.png'),
(48, 'Venonat', 1, 'Bicho', 'Veneno', 'venonat.png'),
(49, 'Venomoth', 1, 'Bicho', 'Veneno', 'venomoth.png'),
(50, 'Diglett', 1, 'Tierra', NULL, 'diglett.png'),
(51, 'Dugtrio', 1, 'Tierra', NULL, 'dugtrio.png'),
(52, 'Meowth', 1, 'Normal', NULL, 'meowth.png'),
(53, 'Persian', 1, 'Normal', NULL, 'persian.png'),
(54, 'Psyduck', 1, 'Agua', NULL, 'psyduck.png'),
(55, 'Golduck', 1, 'Agua', NULL, 'golduck.png'),
(56, 'Mankey', 1, 'Lucha', NULL, 'mankey.png'),
(57, 'Primeape', 1, 'Lucha', NULL, 'primeape.png'),
(58, 'Growlithe', 1, 'Fuego', NULL, 'growlithe.png'),
(59, 'Arcanine', 1, 'Fuego', NULL, 'arcanine.png'),
(60, 'Poliwag', 1, 'Agua', NULL, 'poliwag.png'),
(61, 'Poliwhirl', 1, 'Agua', NULL, 'poliwhirl.png'),
(62, 'Poliwrath', 1, 'Agua', 'Lucha', 'poliwrath.png'),
(63, 'Abra', 1, 'Psíquico', NULL, 'abra.png'),
(64, 'Kadabra', 1, 'Psíquico', NULL, 'kadabra.png'),
(65, 'Alakazam', 1, 'Psíquico', NULL, 'alakazam.png'),
(66, 'Machop', 1, 'Lucha', NULL, 'machop.png'),
(67, 'Machoke', 1, 'Lucha', NULL, 'machoke.png'),
(68, 'Machamp', 1, 'Lucha', NULL, 'machamp.png'),
(69, 'Bellsprout', 1, 'Planta', 'Veneno', 'bellsprout.png'),
(70, 'Weepinbell', 1, 'Planta', 'Veneno', 'weepinbell.png'),
(71, 'Victreebel', 1, 'Planta', 'Veneno', 'victreebel.png'),
(72, 'Tentacool', 1, 'Agua', 'Veneno', 'tentacool.png'),
(73, 'Tentacruel', 1, 'Agua', 'Veneno', 'tentacruel.png'),
(74, 'Geodude', 1, 'Roca', 'Tierra', 'geodude.png'),
(75, 'Graveler', 1, 'Roca', 'Tierra', 'graveler.png'),
(76, 'Golem', 1, 'Roca', 'Tierra', 'golem.png'),
(77, 'Ponyta', 1, 'Fuego', NULL, 'ponyta.png'),
(78, 'Rapidash', 1, 'Fuego', NULL, 'rapidash.png'),
(79, 'Slowpoke', 1, 'Agua', 'Psíquico', 'slowpoke.png'),
(80, 'Slowbro', 1, 'Agua', 'Psíquico', 'slowbro.png'),
(81, 'Magnemite', 1, 'Eléctrico', 'Acero', 'magnemite.png'),
(82, 'Magneton', 1, 'Eléctrico', 'Acero', 'magneton.png'),
(83, 'Farfetch\'d', 1, 'Normal', 'Volador', 'farfetchd.png'),
(84, 'Doduo', 1, 'Normal', 'Volador', 'doduo.png'),
(85, 'Dodrio', 1, 'Normal', 'Volador', 'dodrio.png'),
(86, 'Seel', 1, 'Agua', NULL, 'seel.png'),
(87, 'Dewgong', 1, 'Agua', 'Hielo', 'dewgong.png'),
(88, 'Grimer', 1, 'Veneno', NULL, 'grimer.png'),
(89, 'Muk', 1, 'Veneno', NULL, 'muk.png'),
(90, 'Shellder', 1, 'Agua', NULL, 'shellder.png'),
(91, 'Cloyster', 1, 'Agua', 'Hielo', 'cloyster.png'),
(92, 'Gastly', 1, 'Fantasma', 'Veneno', 'gastly.png'),
(93, 'Haunter', 1, 'Fantasma', 'Veneno', 'haunter.png'),
(94, 'Gengar', 1, 'Fantasma', 'Veneno', 'gengar.png'),
(95, 'Onix', 1, 'Roca', 'Tierra', 'onix.png'),
(96, 'Drowzee', 1, 'Psíquico', NULL, 'drowzee.png'),
(97, 'Hypno', 1, 'Psíquico', NULL, 'hypno.png'),
(98, 'Krabby', 1, 'Agua', NULL, 'krabby.png'),
(99, 'Kingler', 1, 'Agua', NULL, 'kingler.png'),
(100, 'Voltorb', 1, 'Eléctrico', NULL, 'voltorb.png'),
(101, 'Electrode', 1, 'Eléctrico', NULL, 'electrode.png'),
(102, 'Exeggcute', 1, 'Planta', 'Psíquico', 'exeggcute.png'),
(103, 'Exeggutor', 1, 'Planta', 'Psíquico', 'exeggutor.png'),
(104, 'Cubone', 1, 'Tierra', NULL, 'cubone.png'),
(105, 'Marowak', 1, 'Tierra', NULL, 'marowak.png'),
(106, 'Hitmonlee', 1, 'Lucha', NULL, 'hitmonlee.png'),
(107, 'Hitmonchan', 1, 'Lucha', NULL, 'hitmonchan.png'),
(108, 'Lickitung', 1, 'Normal', NULL, 'lickitung.png'),
(109, 'Koffing', 1, 'Veneno', NULL, 'koffing.png'),
(110, 'Weezing', 1, 'Veneno', NULL, 'weezing.png'),
(111, 'Rhyhorn', 1, 'Tierra', 'Roca', 'rhyhorn.png'),
(112, 'Rhydon', 1, 'Tierra', 'Roca', 'rhydon.png'),
(113, 'Chansey', 1, 'Normal', NULL, 'chansey.png'),
(114, 'Tangela', 1, 'Planta', NULL, 'tangela.png'),
(115, 'Kangaskhan', 1, 'Normal', NULL, 'kangaskhan.png'),
(116, 'Horsea', 1, 'Agua', NULL, 'horsea.png'),
(117, 'Seadra', 1, 'Agua', NULL, 'seadra.png'),
(118, 'Goldeen', 1, 'Agua', NULL, 'goldeen.png'),
(119, 'Seaking', 1, 'Agua', NULL, 'seaking.png'),
(120, 'Staryu', 1, 'Agua', NULL, 'staryu.png'),
(121, 'Starmie', 1, 'Agua', 'Psíquico', 'starmie.png'),
(122, 'Mr. Mime', 1, 'Psíquico', 'Hada', 'mr_mime.png'),
(123, 'Scyther', 1, 'Bicho', 'Volador', 'scyther.png'),
(124, 'Jynx', 1, 'Hielo', 'Psíquico', 'jynx.png'),
(125, 'Electabuzz', 1, 'Eléctrico', NULL, 'electabuzz.png'),
(126, 'Magmar', 1, 'Fuego', NULL, 'magmar.png'),
(127, 'Pinsir', 1, 'Bicho', NULL, 'pinsir.png'),
(128, 'Tauros', 1, 'Normal', NULL, 'tauros.png'),
(129, 'Magikarp', 1, 'Agua', NULL, 'magikarp.png'),
(130, 'Gyarados', 1, 'Agua', 'Volador', 'gyarados.png'),
(131, 'Lapras', 1, 'Agua', 'Hielo', 'lapras.png'),
(132, 'Ditto', 1, 'Normal', NULL, 'ditto.png'),
(133, 'Eevee', 1, 'Normal', NULL, 'eevee.png'),
(134, 'Vaporeon', 1, 'Agua', NULL, 'vaporeon.png'),
(135, 'Jolteon', 1, 'Eléctrico', NULL, 'jolteon.png'),
(136, 'Flareon', 1, 'Fuego', NULL, 'flareon.png'),
(137, 'Porygon', 1, 'Normal', NULL, 'porygon.png'),
(138, 'Omanyte', 1, 'Roca', 'Agua', 'omanyte.png'),
(139, 'Omastar', 1, 'Roca', 'Agua', 'omastar.png'),
(140, 'Kabuto', 1, 'Roca', 'Agua', 'kabuto.png'),
(141, 'Kabutops', 1, 'Roca', 'Agua', 'kabutops.png'),
(142, 'Aerodactyl', 1, 'Roca', 'Volador', 'aerodactyl.png'),
(143, 'Snorlax', 1, 'Normal', NULL, 'snorlax.png'),
(144, 'Articuno', 1, 'Hielo', 'Volador', 'articuno.png'),
(145, 'Zapdos', 1, 'Eléctrico', 'Volador', 'zapdos.png'),
(146, 'Moltres', 1, 'Fuego', 'Volador', 'moltres.png'),
(147, 'Dratini', 1, 'Dragón', NULL, 'dratini.png'),
(148, 'Dragonair', 1, 'Dragón', NULL, 'dragonair.png'),
(149, 'Dragonite', 1, 'Dragón', 'Volador', 'dragonite.png'),
(150, 'Mewtwo', 1, 'Psíquico', NULL, 'mewtwo.png'),
(151, 'Mew', 1, 'Psíquico', NULL, 'mew.png'),
(152, 'Chikorita', 2, 'Planta', NULL, 'chikorita.png'),
(153, 'Bayleef', 2, 'Planta', NULL, 'bayleef.png'),
(154, 'Meganium', 2, 'Planta', NULL, 'meganium.png'),
(155, 'Cyndaquil', 2, 'Fuego', NULL, 'cyndaquil.png'),
(156, 'Quilava', 2, 'Fuego', NULL, 'quilava.png'),
(157, 'Typhlosion', 2, 'Fuego', NULL, 'typhlosion.png'),
(158, 'Totodile', 2, 'Agua', NULL, 'totodile.png'),
(159, 'Croconaw', 2, 'Agua', NULL, 'croconaw.png'),
(160, 'Feraligatr', 2, 'Agua', NULL, 'feraligatr.png'),
(161, 'Sentret', 2, 'Normal', NULL, 'sentret.png'),
(162, 'Furret', 2, 'Normal', NULL, 'furret.png'),
(163, 'Hoothoot', 2, 'Normal', 'Volador', 'hoothoot.png'),
(164, 'Noctowl', 2, 'Normal', 'Volador', 'noctowl.png'),
(165, 'Ledyba', 2, 'Bicho', 'Volador', 'ledyba.png'),
(166, 'Ledian', 2, 'Bicho', 'Volador', 'ledian.png'),
(167, 'Spinarak', 2, 'Bicho', 'Veneno', 'spinarak.png'),
(168, 'Ariados', 2, 'Bicho', 'Veneno', 'ariados.png'),
(169, 'Crobat', 2, 'Veneno', 'Volador', 'crobat.png'),
(170, 'Chinchou', 2, 'Agua', 'Eléctrico', 'chinchou.png'),
(171, 'Lanturn', 2, 'Agua', 'Eléctrico', 'lanturn.png'),
(172, 'Pichu', 2, 'Eléctrico', NULL, 'pichu.png'),
(173, 'Cleffa', 2, 'Hada', NULL, 'cleffa.png'),
(174, 'Igglybuff', 2, 'Normal', 'Hada', 'igglybuff.png'),
(175, 'Togepi', 2, 'Hada', NULL, 'togepi.png'),
(176, 'Togetic', 2, 'Hada', 'Volador', 'togetic.png'),
(177, 'Natu', 2, 'Psíquico', 'Volador', 'natu.png'),
(178, 'Xatu', 2, 'Psíquico', 'Volador', 'xatu.png'),
(179, 'Mareep', 2, 'Eléctrico', NULL, 'mareep.png'),
(180, 'Flaaffy', 2, 'Eléctrico', NULL, 'flaaffy.png'),
(181, 'Ampharos', 2, 'Eléctrico', NULL, 'ampharos.png'),
(182, 'Bellossom', 2, 'Planta', NULL, 'bellossom.png'),
(183, 'Marill', 2, 'Agua', 'Hada', 'marill.png'),
(184, 'Azumarill', 2, 'Agua', 'Hada', 'azumarill.png'),
(185, 'Sudowoodo', 2, 'Roca', NULL, 'sudowoodo.png'),
(186, 'Politoed', 2, 'Agua', NULL, 'politoed.png'),
(187, 'Hoppip', 2, 'Planta', 'Volador', 'hoppip.png'),
(188, 'Skiploom', 2, 'Planta', 'Volador', 'skiploom.png'),
(189, 'Jumpluff', 2, 'Planta', 'Volador', 'jumpluff.png'),
(190, 'Aipom', 2, 'Normal', NULL, 'aipom.png'),
(191, 'Sunkern', 2, 'Planta', NULL, 'sunkern.png'),
(192, 'Sunflora', 2, 'Planta', NULL, 'sunflora.png'),
(193, 'Yanma', 2, 'Bicho', 'Volador', 'yanma.png'),
(194, 'Wooper', 2, 'Agua', 'Tierra', 'wooper.png'),
(195, 'Quagsire', 2, 'Agua', 'Tierra', 'quagsire.png'),
(196, 'Espeon', 2, 'Psíquico', NULL, 'espeon.png'),
(197, 'Umbreon', 2, 'Siniestro', NULL, 'umbreon.png'),
(198, 'Murkrow', 2, 'Siniestro', 'Volador', 'murkrow.png'),
(199, 'Slowking', 2, 'Agua', 'Psíquico', 'slowking.png'),
(200, 'Misdreavus', 2, 'Fantasma', NULL, 'misdreavus.png'),
(201, 'Unown', 2, 'Psíquico', NULL, 'unown.png'),
(202, 'Wobbuffet', 2, 'Psíquico', NULL, 'wobbuffet.png'),
(203, 'Girafarig', 2, 'Normal', 'Psíquico', 'girafarig.png'),
(204, 'Pineco', 2, 'Bicho', NULL, 'pineco.png'),
(205, 'Forretress', 2, 'Bicho', 'Acero', 'forretress.png'),
(206, 'Dunsparce', 2, 'Normal', NULL, 'dunsparce.png'),
(207, 'Gligar', 2, 'Tierra', 'Volador', 'gligar.png'),
(208, 'Steelix', 2, 'Acero', 'Tierra', 'steelix.png'),
(209, 'Snubbull', 2, 'Hada', NULL, 'snubbull.png'),
(210, 'Granbull', 2, 'Hada', NULL, 'granbull.png'),
(211, 'Qwilfish', 2, 'Agua', 'Veneno', 'qwilfish.png'),
(212, 'Scizor', 2, 'Bicho', 'Acero', 'scizor.png'),
(213, 'Shuckle', 2, 'Bicho', 'Roca', 'shuckle.png'),
(214, 'Heracross', 2, 'Bicho', 'Lucha', 'heracross.png'),
(215, 'Sneasel', 2, 'Siniestro', 'Hielo', 'sneasel.png'),
(216, 'Teddiursa', 2, 'Normal', NULL, 'teddiursa.png'),
(217, 'Ursaring', 2, 'Normal', NULL, 'ursaring.png'),
(218, 'Slugma', 2, 'Fuego', NULL, 'slugma.png'),
(219, 'Magcargo', 2, 'Fuego', 'Roca', 'magcargo.png'),
(220, 'Swinub', 2, 'Hielo', 'Tierra', 'swinub.png'),
(221, 'Piloswine', 2, 'Hielo', 'Tierra', 'piloswine.png'),
(222, 'Corsola', 2, 'Agua', 'Roca', 'corsola.png'),
(223, 'Remoraid', 2, 'Agua', NULL, 'remoraid.png'),
(224, 'Octillery', 2, 'Agua', NULL, 'octillery.png'),
(225, 'Delibird', 2, 'Hielo', 'Volador', 'delibird.png'),
(226, 'Mantine', 2, 'Agua', 'Volador', 'mantine.png'),
(227, 'Skarmory', 2, 'Acero', 'Volador', 'skarmory.png'),
(228, 'Houndour', 2, 'Siniestro', 'Fuego', 'houndour.png'),
(229, 'Houndoom', 2, 'Siniestro', 'Fuego', 'houndoom.png'),
(230, 'Kingdra', 2, 'Agua', 'Dragón', 'kingdra.png'),
(231, 'Phanpy', 2, 'Tierra', NULL, 'phanpy.png'),
(232, 'Donphan', 2, 'Tierra', NULL, 'donphan.png'),
(233, 'Porygon2', 2, 'Normal', NULL, 'porygon2.png'),
(234, 'Stantler', 2, 'Normal', NULL, 'stantler.png'),
(235, 'Smeargle', 2, 'Normal', NULL, 'smeargle.png'),
(236, 'Tyrogue', 2, 'Lucha', NULL, 'tyrogue.png'),
(237, 'Hitmontop', 2, 'Lucha', NULL, 'hitmontop.png'),
(238, 'Smoochum', 2, 'Hielo', 'Psíquico', 'smoochum.png'),
(239, 'Elekid', 2, 'Eléctrico', NULL, 'elekid.png'),
(240, 'Magby', 2, 'Fuego', NULL, 'magby.png'),
(241, 'Miltank', 2, 'Normal', NULL, 'miltank.png'),
(242, 'Blissey', 2, 'Normal', NULL, 'blissey.png'),
(243, 'Raikou', 2, 'Eléctrico', NULL, 'raikou.png'),
(244, 'Entei', 2, 'Fuego', NULL, 'entei.png'),
(245, 'Suicune', 2, 'Agua', NULL, 'suicune.png'),
(246, 'Larvitar', 2, 'Roca', 'Tierra', 'larvitar.png'),
(247, 'Pupitar', 2, 'Roca', 'Tierra', 'pupitar.png'),
(248, 'Tyranitar', 2, 'Roca', 'Siniestro', 'tyranitar.png'),
(249, 'Lugia', 2, 'Psíquico', 'Volador', 'lugia.png'),
(250, 'Ho-Oh', 2, 'Fuego', 'Volador', 'ho-oh.png'),
(251, 'Celebi', 2, 'Psíquico', 'Planta', 'celebi.png'),
(252, 'Treecko', 3, 'Planta', NULL, 'treecko.png'),
(253, 'Grovyle', 3, 'Planta', NULL, 'grovyle.png'),
(254, 'Sceptile', 3, 'Planta', NULL, 'sceptile.png'),
(255, 'Torchic', 3, 'Fuego', NULL, 'torchic.png'),
(256, 'Combusken', 3, 'Fuego', 'Lucha', 'combusken.png'),
(257, 'Blaziken', 3, 'Fuego', 'Lucha', 'blaziken.png'),
(258, 'Mudkip', 3, 'Agua', NULL, 'mudkip.png'),
(259, 'Marshtomp', 3, 'Agua', 'Tierra', 'marshtomp.png'),
(260, 'Swampert', 3, 'Agua', 'Tierra', 'swampert.png'),
(261, 'Poochyena', 3, 'Siniestro', NULL, 'poochyena.png'),
(262, 'Mightyena', 3, 'Siniestro', NULL, 'mightyena.png'),
(263, 'Zigzagoon', 3, 'Normal', NULL, 'zigzagoon.png'),
(264, 'Linoone', 3, 'Normal', NULL, 'linoone.png'),
(265, 'Wurmple', 3, 'Bicho', NULL, 'wurmple.png'),
(266, 'Silcoon', 3, 'Bicho', NULL, 'silcoon.png'),
(267, 'Beautifly', 3, 'Bicho', 'Volador', 'beautifly.png'),
(268, 'Cascoon', 3, 'Bicho', NULL, 'cascoon.png'),
(269, 'Dustox', 3, 'Bicho', 'Veneno', 'dustox.png'),
(270, 'Lotad', 3, 'Agua', 'Planta', 'lotad.png'),
(271, 'Lombre', 3, 'Agua', 'Planta', 'lombre.png'),
(272, 'Ludicolo', 3, 'Agua', 'Planta', 'ludicolo.png'),
(273, 'Seedot', 3, 'Planta', NULL, 'seedot.png'),
(274, 'Nuzleaf', 3, 'Planta', 'Siniestro', 'nuzleaf.png'),
(275, 'Shiftry', 3, 'Planta', 'Siniestro', 'shiftry.png'),
(276, 'Taillow', 3, 'Normal', 'Volador', 'taillow.png'),
(277, 'Swellow', 3, 'Normal', 'Volador', 'swellow.png'),
(278, 'Wingull', 3, 'Agua', 'Volador', 'wingull.png'),
(279, 'Pelipper', 3, 'Agua', 'Volador', 'pelipper.png'),
(280, 'Ralts', 3, 'Psíquico', 'Hada', 'ralts.png'),
(281, 'Kirlia', 3, 'Psíquico', 'Hada', 'kirlia.png'),
(282, 'Gardevoir', 3, 'Psíquico', 'Hada', 'gardevoir.png'),
(283, 'Surskit', 3, 'Bicho', 'Agua', 'surskit.png'),
(284, 'Masquerain', 3, 'Bicho', 'Volador', 'masquerain.png'),
(285, 'Shroomish', 3, 'Planta', NULL, 'shroomish.png'),
(286, 'Breloom', 3, 'Planta', 'Lucha', 'breloom.png'),
(287, 'Slakoth', 3, 'Normal', NULL, 'slakoth.png'),
(288, 'Vigoroth', 3, 'Normal', NULL, 'vigoroth.png'),
(289, 'Slaking', 3, 'Normal', NULL, 'slaking.png'),
(290, 'Nincada', 3, 'Bicho', 'Tierra', 'nincada.png'),
(291, 'Ninjask', 3, 'Bicho', 'Volador', 'ninjask.png'),
(292, 'Shedinja', 3, 'Bicho', 'Fantasma', 'shedinja.png'),
(293, 'Whismur', 3, 'Normal', NULL, 'whismur.png'),
(294, 'Loudred', 3, 'Normal', NULL, 'loudred.png'),
(295, 'Exploud', 3, 'Normal', NULL, 'exploud.png'),
(296, 'Makuhita', 3, 'Lucha', NULL, 'makuhita.png'),
(297, 'Hariyama', 3, 'Lucha', NULL, 'hariyama.png'),
(298, 'Azurill', 3, 'Normal', 'Hada', 'azurill.png'),
(299, 'Nosepass', 3, 'Roca', NULL, 'nosepass.png'),
(300, 'Skitty', 3, 'Normal', NULL, 'skitty.png'),
(301, 'Delcatty', 3, 'Normal', NULL, 'delcatty.png'),
(302, 'Sableye', 3, 'Siniestro', 'Fantasma', 'sableye.png'),
(303, 'Mawile', 3, 'Acero', 'Hada', 'mawile.png'),
(304, 'Aron', 3, 'Acero', 'Roca', 'aron.png'),
(305, 'Lairon', 3, 'Acero', 'Roca', 'lairon.png'),
(306, 'Aggron', 3, 'Acero', 'Roca', 'aggron.png'),
(307, 'Meditite', 3, 'Lucha', 'Psíquico', 'meditite.png'),
(308, 'Medicham', 3, 'Lucha', 'Psíquico', 'medicham.png'),
(309, 'Electrike', 3, 'Eléctrico', NULL, 'electrike.png'),
(310, 'Manectric', 3, 'Eléctrico', NULL, 'manectric.png'),
(311, 'Plusle', 3, 'Eléctrico', NULL, 'plusle.png'),
(312, 'Minun', 3, 'Eléctrico', NULL, 'minun.png'),
(313, 'Volbeat', 3, 'Bicho', NULL, 'volbeat.png'),
(314, 'Illumise', 3, 'Bicho', NULL, 'illumise.png'),
(315, 'Roselia', 3, 'Planta', 'Veneno', 'roselia.png'),
(316, 'Gulpin', 3, 'Veneno', NULL, 'gulpin.png'),
(317, 'Swalot', 3, 'Veneno', NULL, 'swalot.png'),
(318, 'Carvanha', 3, 'Agua', 'Siniestro', 'carvanha.png'),
(319, 'Sharpedo', 3, 'Agua', 'Siniestro', 'sharpedo.png'),
(320, 'Wailmer', 3, 'Agua', NULL, 'wailmer.png'),
(321, 'Wailord', 3, 'Agua', NULL, 'wailord.png'),
(322, 'Numel', 3, 'Fuego', 'Tierra', 'numel.png'),
(323, 'Camerupt', 3, 'Fuego', 'Tierra', 'camerupt.png'),
(324, 'Torkoal', 3, 'Fuego', NULL, 'torkoal.png'),
(325, 'Spoink', 3, 'Psíquico', NULL, 'spoink.png'),
(326, 'Grumpig', 3, 'Psíquico', NULL, 'grumpig.png'),
(327, 'Spinda', 3, 'Normal', NULL, 'spinda.png'),
(328, 'Trapinch', 3, 'Tierra', NULL, 'trapinch.png'),
(329, 'Vibrava', 3, 'Tierra', 'Dragón', 'vibrava.png'),
(330, 'Flygon', 3, 'Tierra', 'Dragón', 'flygon.png'),
(331, 'Cacnea', 3, 'Planta', NULL, 'cacnea.png'),
(332, 'Cacturne', 3, 'Planta', 'Siniestro', 'cacturne.png'),
(333, 'Swablu', 3, 'Normal', 'Volador', 'swablu.png'),
(334, 'Altaria', 3, 'Dragón', 'Volador', 'altaria.png'),
(335, 'Zangoose', 3, 'Normal', NULL, 'zangoose.png'),
(336, 'Seviper', 3, 'Veneno', NULL, 'seviper.png'),
(337, 'Lunatone', 3, 'Roca', 'Psíquico', 'lunatone.png'),
(338, 'Solrock', 3, 'Roca', 'Psíquico', 'solrock.png'),
(339, 'Barboach', 3, 'Agua', 'Tierra', 'barboach.png'),
(340, 'Whiscash', 3, 'Agua', 'Tierra', 'whiscash.png'),
(341, 'Corphish', 3, 'Agua', NULL, 'corphish.png'),
(342, 'Crawdaunt', 3, 'Agua', 'Siniestro', 'crawdaunt.png'),
(343, 'Baltoy', 3, 'Tierra', 'Psíquico', 'baltoy.png'),
(344, 'Claydol', 3, 'Tierra', 'Psíquico', 'claydol.png'),
(345, 'Lileep', 3, 'Roca', 'Planta', 'lileep.png'),
(346, 'Cradily', 3, 'Roca', 'Planta', 'cradily.png'),
(347, 'Anorith', 3, 'Roca', 'Bicho', 'anorith.png'),
(348, 'Armaldo', 3, 'Roca', 'Bicho', 'armaldo.png'),
(349, 'Feebas', 3, 'Agua', NULL, 'feebas.png'),
(350, 'Milotic', 3, 'Agua', NULL, 'milotic.png'),
(351, 'Castform', 3, 'Normal', NULL, 'castform.png'),
(352, 'Kecleon', 3, 'Normal', NULL, 'kecleon.png'),
(353, 'Shuppet', 3, 'Fantasma', NULL, 'shuppet.png'),
(354, 'Banette', 3, 'Fantasma', NULL, 'banette.png'),
(355, 'Duskull', 3, 'Fantasma', NULL, 'duskull.png'),
(356, 'Dusclops', 3, 'Fantasma', NULL, 'dusclops.png'),
(357, 'Tropius', 3, 'Planta', 'Volador', 'tropius.png'),
(358, 'Chimecho', 3, 'Psíquico', NULL, 'chimecho.png'),
(359, 'Absol', 3, 'Siniestro', NULL, 'absol.png'),
(360, 'Wynaut', 3, 'Psíquico', NULL, 'wynaut.png'),
(361, 'Snorunt', 3, 'Hielo', NULL, 'snorunt.png'),
(362, 'Glalie', 3, 'Hielo', NULL, 'glalie.png'),
(363, 'Spheal', 3, 'Hielo', 'Agua', 'spheal.png'),
(364, 'Sealeo', 3, 'Hielo', 'Agua', 'sealeo.png'),
(365, 'Walrein', 3, 'Hielo', 'Agua', 'walrein.png'),
(366, 'Clamperl', 3, 'Agua', NULL, 'clamperl.png'),
(367, 'Huntail', 3, 'Agua', NULL, 'huntail.png'),
(368, 'Gorebyss', 3, 'Agua', NULL, 'gorebyss.png'),
(369, 'Relicanth', 3, 'Agua', 'Roca', 'relicanth.png'),
(370, 'Luvdisc', 3, 'Agua', NULL, 'luvdisc.png'),
(371, 'Bagon', 3, 'Dragón', NULL, 'bagon.png'),
(372, 'Shelgon', 3, 'Dragón', NULL, 'shelgon.png'),
(373, 'Salamence', 3, 'Dragón', 'Volador', 'salamence.png'),
(374, 'Beldum', 3, 'Acero', 'Psíquico', 'beldum.png'),
(375, 'Metang', 3, 'Acero', 'Psíquico', 'metang.png'),
(376, 'Metagross', 3, 'Acero', 'Psíquico', 'metagross.png'),
(377, 'Regirock', 3, 'Roca', NULL, 'regirock.png'),
(378, 'Regice', 3, 'Hielo', NULL, 'regice.png'),
(379, 'Registeel', 3, 'Acero', NULL, 'registeel.png'),
(380, 'Latias', 3, 'Dragón', 'Psíquico', 'latias.png'),
(381, 'Latios', 3, 'Dragón', 'Psíquico', 'latios.png'),
(382, 'Kyogre', 3, 'Agua', NULL, 'kyogre.png'),
(383, 'Groudon', 3, 'Tierra', NULL, 'groudon.png');
INSERT INTO `pokemon` (`id`, `nombre`, `generacion`, `tipo_primario`, `tipo_secundario`, `imagen`) VALUES
(384, 'Rayquaza', 3, 'Dragón', 'Volador', 'rayquaza.png'),
(385, 'Jirachi', 3, 'Acero', 'Psíquico', 'jirachi.png'),
(386, 'Deoxys', 3, 'Psíquico', NULL, 'deoxys.png');

-- --------------------------------------------------------

--
-- Estructura de tabla para la tabla `sets`
--

DROP TABLE IF EXISTS `sets`;
CREATE TABLE `sets` (
  `id` int(11) NOT NULL,
  `partido_id` int(11) NOT NULL,
  `numero_set` int(11) NOT NULL,
  `vida_local` int(11) DEFAULT NULL,
  `vida_visitante` int(11) DEFAULT NULL
) ENGINE=InnoDB DEFAULT CHARSET=utf8mb4 COLLATE=utf8mb4_general_ci;

--
-- Volcado de datos para la tabla `sets`
--

INSERT INTO `sets` (`id`, `partido_id`, `numero_set`, `vida_local`, `vida_visitante`) VALUES
(1, 1, 1, 54, 0),
(2, 2, 1, 0, 100),
(3, 3, 1, 0, 60),
(4, 4, 1, 14, 0),
(5, 5, 1, 100, 0),
(6, 6, 1, 0, 100),
(7, 7, 1, 0, 27),
(8, 8, 1, 0, 74),
(9, 9, 1, 0, 36),
(10, 10, 1, 100, 0),
(11, 11, 1, 77, 0),
(12, 12, 1, 38, 0),
(13, 13, 1, 0, 68),
(14, 14, 1, 54, 0),
(15, 15, 1, 0, 40),
(16, 16, 1, 83, 0),
(17, 17, 1, 100, 0),
(18, 18, 1, 100, 0),
(19, 19, 1, 100, 0),
(20, 20, 1, 26, 0),
(21, 21, 1, 16, 0),
(22, 22, 1, 100, 0),
(23, 23, 1, 94, 0),
(24, 24, 1, 0, 61),
(25, 25, 1, 80, 0),
(26, 26, 1, 0, 100),
(27, 27, 1, 0, 60),
(28, 28, 1, 0, 20),
(29, 29, 1, 22, 0),
(30, 30, 1, 83, 0),
(31, 31, 1, 100, 0),
(32, 32, 1, 100, 0),
(33, 33, 1, 0, 76),
(34, 34, 1, 100, 0),
(35, 35, 1, 100, 0),
(36, 36, 1, 0, 100),
(37, 37, 1, 72, 0),
(38, 38, 1, 45, 0),
(39, 39, 1, 25, 0),
(40, 40, 1, 0, 9),
(42, 42, 1, 100, 0),
(43, 43, 1, 69, 0),
(44, 44, 1, 80, 0),
(45, 45, 1, 23, 0),
(46, 46, 1, 52, 0),
(47, 47, 1, 12, 0),
(48, 48, 1, 0, 35),
(49, 49, 1, 18, 0),
(50, 50, 1, 100, 0),
(51, 51, 1, 100, 0),
(52, 52, 1, 100, 0),
(53, 53, 1, 94, 0),
(54, 54, 1, 100, 0),
(55, 55, 1, 71, 0),
(56, 56, 1, 100, 0),
(57, 57, 1, 0, 94),
(58, 58, 1, 32, 0),
(59, 59, 1, 0, 100),
(60, 60, 1, 100, 0),
(61, 61, 1, 19, 0),
(62, 62, 1, 66, 0),
(63, 63, 1, 0, 100),
(64, 64, 1, 0, 78),
(65, 65, 1, 0, 28),
(66, 66, 1, 100, 0),
(67, 67, 1, 0, 11),
(68, 68, 1, 75, 0),
(69, 69, 1, 0, 100),
(70, 70, 1, 65, 0),
(71, 71, 1, 50, 0),
(72, 72, 1, 100, 0),
(73, 73, 1, 100, 0),
(74, 74, 1, 93, 0),
(75, 75, 1, 100, 0),
(76, 76, 1, 0, 78),
(77, 77, 1, 100, 0),
(78, 78, 1, 100, 0),
(79, 79, 1, 77, 0),
(80, 80, 1, 48, 0),
(81, 81, 1, 0, 11),
(82, 82, 1, 100, 0),
(83, 83, 1, 44, 0),
(84, 84, 1, 100, 0),
(85, 85, 1, 100, 0),
(86, 86, 1, 54, 0),
(87, 87, 1, 14, 0),
(88, 88, 1, 0, 10),
(89, 89, 1, 8, 0),
(90, 90, 1, 10, 0),
(91, 91, 1, 0, 79),
(92, 92, 1, 31, 0),
(93, 93, 1, 82, 0),
(94, 94, 1, 0, 100),
(95, 95, 1, 93, 0),
(96, 96, 1, 28, 0),
(97, 97, 1, 8, 0),
(98, 98, 1, 100, 0),
(99, 99, 1, 70, 0),
(100, 100, 1, 29, 0),
(101, 101, 1, 100, 0),
(102, 102, 1, 33, 0),
(103, 103, 1, 0, 40),
(104, 104, 1, 0, 100),
(105, 105, 1, 100, 0),
(106, 106, 1, 0, 100),
(107, 107, 1, 0, 27),
(108, 108, 1, 0, 100),
(109, 109, 1, 0, 11),
(110, 110, 1, 2, 0),
(111, 111, 1, 100, 0),
(112, 112, 1, 0, 16),
(113, 113, 1, 80, 0),
(114, 114, 1, 100, 0),
(115, 115, 1, 44, 0),
(116, 116, 1, 0, 48),
(117, 117, 1, 45, 0),
(118, 118, 1, 82, 0),
(119, 119, 1, 85, 0),
(120, 120, 1, 49, 0),
(121, 121, 1, 0, 100),
(122, 122, 1, 50, 0),
(123, 123, 1, 0, 65),
(124, 124, 1, 100, 0),
(125, 125, 1, 100, 0),
(126, 126, 1, 0, 56),
(127, 127, 1, 100, 0),
(128, 128, 1, 100, 0),
(129, 129, 1, 100, 0),
(130, 130, 1, 100, 0),
(131, 131, 1, 0, 48),
(132, 132, 1, 19, 0),
(133, 133, 1, 0, 100),
(134, 134, 1, 49, 0),
(135, 135, 1, 0, 82),
(136, 136, 1, 58, 0),
(137, 137, 1, 100, 0),
(138, 138, 1, 34, 0),
(139, 139, 1, 0, 70),
(140, 140, 1, 82, 0),
(141, 141, 1, 100, 0),
(142, 142, 1, 0, 40),
(143, 143, 1, 100, 0),
(144, 144, 1, 0, 73),
(145, 145, 1, 100, 0),
(146, 146, 1, 0, 100),
(147, 147, 1, 38, 0),
(148, 148, 1, 100, 0),
(149, 149, 1, 82, 0),
(150, 150, 1, 0, 100),
(151, 151, 1, 22, 0),
(152, 152, 1, 0, 89),
(153, 153, 1, 100, 0),
(154, 154, 1, 50, 0),
(155, 155, 1, 0, 14),
(156, 156, 1, 0, 38),
(157, 157, 1, 0, 71),
(158, 158, 1, 0, 81),
(159, 159, 1, 82, 0),
(160, 160, 1, 7, 0),
(161, 161, 1, 53, 0),
(162, 162, 1, 100, 0),
(163, 163, 1, 88, 0),
(164, 164, 1, 64, 0),
(165, 165, 1, 82, 0),
(166, 166, 1, 2, 0),
(167, 167, 1, 0, 38),
(168, 168, 1, 100, 0),
(169, 169, 1, 0, 2),
(170, 170, 1, 0, 70),
(171, 171, 1, 57, 0),
(172, 172, 1, 100, 0),
(173, 173, 1, 0, 100),
(174, 174, 1, 86, 0),
(175, 175, 1, 62, 0),
(176, 176, 1, 0, 100),
(177, 177, 1, 64, 0),
(178, 178, 1, 100, 0),
(179, 179, 1, 43, 0),
(180, 180, 1, 100, 0),
(181, 181, 1, 0, 100),
(182, 182, 1, 0, 94),
(183, 183, 1, 0, 54),
(184, 184, 1, 59, 0),
(185, 185, 1, 26, 0),
(186, 186, 1, 100, 0),
(187, 187, 1, 100, 0),
(188, 188, 1, 33, 0),
(189, 189, 1, 0, 74),
(190, 190, 1, 0, 19),
(191, 191, 1, 0, 100),
(192, 192, 1, 100, 0),
(193, 192, 2, 76, 0),
(194, 193, 1, 100, 0),
(195, 193, 2, 82, 0),
(196, 194, 1, 48, 0),
(197, 194, 2, 0, 59),
(198, 195, 1, 0, 12),
(199, 195, 2, 0, 100),
(200, 196, 1, 100, 0),
(201, 196, 2, 100, 0),
(202, 197, 1, 100, 0),
(203, 197, 2, 100, 0),
(204, 198, 1, 20, 0),
(205, 198, 2, 0, 85),
(206, 198, 3, 0, 100),
(207, 199, 1, 0, 100),
(208, 199, 2, 12, 0),
(209, 199, 3, 34, 0),
(210, 200, 1, 92, 0),
(211, 201, 1, 0, 19),
(212, 202, 1, 0, 79),
(213, 203, 1, 81, 0),
(214, 204, 1, 0, 42),
(215, 205, 1, 0, 14),
(216, 206, 1, 0, 50),
(217, 207, 1, 0, 82),
(218, 208, 1, 27, 0),
(219, 209, 1, 8, 0),
(220, 210, 1, 0, 29),
(221, 211, 1, 0, 70),
(222, 212, 1, 0, 43),
(223, 213, 1, 53, 0),
(224, 214, 1, 97, 0),
(225, 215, 1, 72, 0),
(226, 216, 1, 51, 0),
(227, 217, 1, 0, 38),
(228, 218, 1, 0, 27),
(229, 219, 1, 65, 0),
(230, 220, 1, 0, 77),
(231, 221, 1, 99, 0),
(232, 222, 1, 0, 100),
(233, 223, 1, 0, 72),
(234, 224, 1, 57, 0),
(235, 224, 2, 100, 0),
(236, 225, 1, 0, 100),
(237, 226, 1, 75, 0),
(238, 227, 1, 0, 100),
(239, 228, 1, 0, 32),
(240, 229, 1, 94, 0),
(241, 230, 1, 100, 0),
(242, 231, 1, 0, 54),
(243, 232, 1, 0, 73),
(244, 232, 2, 0, 93),
(245, 233, 1, 90, 0),
(246, 234, 1, 85, 0),
(247, 235, 1, 0, 12),
(248, 236, 1, 0, 70),
(249, 237, 1, 100, 0),
(250, 238, 1, 100, 0),
(251, 239, 1, 100, 0),
(252, 240, 1, 100, 0),
(253, 241, 1, 0, 64),
(254, 242, 1, 0, 68),
(255, 243, 1, 12, 0),
(256, 244, 1, 11, 0),
(257, 245, 1, 0, 92),
(258, 246, 1, 0, 37),
(259, 247, 1, 39, 0),
(260, 248, 1, 77, 0),
(261, 249, 1, 0, 67),
(262, 250, 1, 0, 29),
(263, 251, 1, 8, 0),
(264, 252, 1, 56, 0),
(265, 253, 1, 100, 0),
(266, 254, 1, 64, 0),
(267, 255, 1, 46, 0),
(268, 256, 1, 46, 0),
(269, 257, 1, 30, 0),
(270, 258, 1, 0, 74),
(271, 259, 1, 100, 0),
(272, 260, 1, 6, 0),
(273, 261, 1, 100, 0),
(274, 262, 1, 82, 0),
(275, 263, 1, 0, 100),
(276, 264, 1, 0, 73),
(277, 265, 1, 64, 0),
(278, 266, 1, 71, 0),
(279, 267, 1, 100, 0),
(280, 268, 1, 0, 96),
(281, 269, 1, 0, 100),
(282, 270, 1, 100, 0),
(283, 271, 1, 96, 0),
(284, 272, 1, 0, 86),
(285, 273, 1, 0, 62),
(286, 274, 1, 56, 0),
(287, 275, 1, 87, 0),
(288, 276, 1, 26, 0),
(289, 277, 1, 0, 38),
(290, 278, 1, 0, 100),
(291, 279, 1, 17, 0),
(292, 280, 1, 81, 0),
(293, 281, 1, 0, 56),
(294, 282, 1, 0, 39),
(295, 283, 1, 49, 0),
(296, 284, 1, 47, 0),
(297, 285, 1, 0, 25),
(298, 286, 1, 0, 100),
(299, 287, 1, 0, 60),
(300, 288, 1, 0, 72),
(301, 289, 1, 0, 72),
(302, 290, 1, 0, 37),
(303, 291, 1, 97, 100),
(304, 292, 1, 34, 0),
(305, 293, 1, 0, 93),
(306, 294, 1, 0, 9),
(307, 295, 1, 100, 0),
(308, 296, 1, 96, 0),
(309, 297, 1, 0, 94),
(310, 298, 1, 0, 1),
(311, 299, 1, 81, 0),
(312, 300, 1, 0, 54),
(313, 301, 1, 83, 0),
(314, 302, 1, 100, 0),
(315, 303, 1, 37, 0),
(316, 304, 1, 0, 74),
(317, 305, 1, 9, 0),
(318, 306, 1, 0, 53),
(319, 307, 1, 0, 29),
(320, 308, 1, 0, 87),
(321, 309, 1, 94, 0),
(322, 310, 1, 100, 0),
(323, 311, 1, 0, 6),
(324, 312, 1, 78, 0),
(325, 313, 1, 0, 74),
(326, 314, 1, 0, 5),
(327, 315, 1, 0, 36),
(328, 316, 1, 88, 0),
(329, 317, 1, 88, 0),
(330, 318, 1, 68, 0),
(331, 319, 1, 62, 0),
(332, 320, 1, 14, 0),
(333, 321, 1, 14, 0),
(334, 322, 1, 100, 0),
(335, 323, 1, 57, 0),
(336, 324, 1, 69, 0),
(337, 325, 1, 100, 0),
(338, 326, 1, 100, 0),
(339, 327, 1, 0, 78),
(340, 328, 1, 57, 0),
(341, 329, 1, 100, 0),
(342, 330, 1, 100, 0),
(343, 331, 1, 0, 56),
(344, 332, 1, 0, 9),
(345, 332, 2, 18, 0),
(346, 333, 1, 0, 100),
(347, 334, 1, 0, 37),
(348, 335, 1, 0, 100),
(349, 336, 1, 0, 68),
(350, 337, 1, 0, 72),
(351, 337, 2, 0, 16),
(352, 338, 1, 0, 100),
(353, 339, 1, 77, 0),
(354, 340, 1, 0, 100),
(355, 341, 1, 0, 34),
(356, 342, 1, 83, 0),
(357, 343, 1, 0, 96),
(358, 344, 1, 96, 0),
(359, 345, 1, 0, 50),
(360, 346, 1, 72, 0),
(361, 347, 1, 0, 33),
(362, 348, 1, 77, 0),
(363, 349, 1, 0, 100),
(364, 350, 1, 0, 30),
(365, 351, 1, 24, 0),
(366, 352, 1, 0, 91),
(367, 353, 1, 51, 0),
(368, 354, 1, 84, 0),
(369, 355, 1, 0, 51),
(370, 356, 1, 0, 95),
(371, 357, 1, 85, 0),
(372, 358, 1, 80, 0),
(373, 359, 1, 0, 96),
(374, 360, 1, 95, 0),
(375, 361, 1, 91, 0),
(376, 362, 1, 0, 50),
(377, 363, 1, 66, 0),
(378, 364, 1, 0, 100),
(379, 365, 1, 0, 4),
(380, 366, 1, 0, 27),
(381, 367, 1, 0, 100),
(382, 368, 1, 44, 0),
(383, 369, 1, 0, 39),
(384, 370, 1, 0, 100),
(385, 371, 1, 0, 94),
(386, 372, 1, 100, 0),
(387, 373, 1, 100, 0),
(388, 374, 1, 88, 0),
(389, 375, 1, 91, 0),
(390, 376, 1, 100, 0),
(391, 377, 1, 0, 100),
(392, 378, 1, 0, 40),
(393, 379, 1, 71, 0),
(394, 380, 1, 0, 92),
(395, 381, 1, 0, 46),
(396, 382, 1, 0, 62),
(397, 383, 1, 0, 54),
(398, 384, 1, 0, 48),
(399, 385, 1, 0, 100),
(400, 386, 1, 100, 0),
(401, 387, 1, 55, 0),
(402, 387, 2, 0, 75),
(403, 388, 1, 0, 100),
(404, 389, 1, 41, 0),
(405, 390, 1, 100, 0),
(406, 391, 1, 100, 0),
(407, 392, 1, 0, 86),
(408, 393, 1, 100, 0),
(409, 394, 1, 0, 73),
(410, 395, 1, 19, 0),
(411, 395, 2, 0, 74),
(412, 396, 1, 0, 72),
(413, 397, 1, 100, 100),
(414, 398, 1, 85, 0),
(415, 399, 1, 0, 100),
(416, 400, 1, 0, 92),
(417, 401, 1, 0, 97),
(418, 402, 1, 65, 0),
(419, 403, 1, 99, 0),
(420, 404, 1, 0, 14),
(421, 405, 1, 93, 0),
(422, 406, 1, 0, 84),
(423, 407, 1, 74, 0),
(424, 408, 1, 51, 0),
(425, 409, 1, 0, 51),
(426, 410, 1, 68, 0),
(427, 411, 1, 0, 7),
(428, 412, 1, 100, 0),
(429, 413, 1, 0, 100),
(430, 414, 1, 0, 7),
(431, 415, 1, 65, 0),
(432, 416, 1, 0, 0),
(433, 417, 1, 100, 100),
(434, 418, 1, 0, 100),
(435, 419, 1, 8, 0),
(436, 420, 1, 0, 100),
(437, 421, 1, 0, 12),
(438, 422, 1, 43, 0),
(439, 423, 1, 0, 88),
(440, 424, 1, 0, 3),
(441, 425, 1, 70, 0),
(442, 426, 1, 0, 62),
(443, 427, 1, 100, 90),
(444, 428, 1, 70, 0),
(445, 429, 1, 91, 0),
(446, 430, 1, 35, 0),
(447, 431, 1, 45, 0),
(448, 432, 1, 70, 0),
(449, 433, 1, 39, 0),
(450, 434, 1, 0, 100),
(451, 435, 1, 0, 79),
(452, 436, 1, 0, 11),
(453, 437, 1, 23, 0),
(454, 438, 1, 41, 0),
(455, 439, 1, 0, 8),
(456, 440, 1, 95, 0),
(457, 441, 1, 100, 0),
(458, 442, 1, 100, 0),
(459, 443, 1, 100, 0),
(460, 444, 1, 0, 0),
(461, 445, 1, 0, 100),
(462, 446, 1, 100, 0),
(463, 447, 1, 65, 0),
(464, 448, 1, 0, 49),
(465, 449, 1, 0, 64),
(466, 450, 1, 100, 0),
(467, 451, 1, 94, 0),
(468, 452, 1, 100, 0),
(469, 453, 1, 100, 0),
(470, 454, 1, 0, 0),
(471, 455, 1, 0, 66),
(472, 456, 1, 0, 100),
(473, 457, 1, 47, 0),
(474, 458, 1, 73, 0),
(475, 459, 1, 0, 100),
(476, 460, 1, 0, 51),
(477, 461, 1, 0, 80),
(478, 462, 1, 0, 49),
(479, 463, 1, 0, 79),
(480, 464, 1, 71, 0),
(481, 465, 1, 100, 0),
(482, 466, 1, 0, 75),
(483, 467, 1, 0, 63),
(484, 468, 1, 14, 0),
(485, 469, 1, 46, 0),
(486, 470, 1, 60, 0),
(487, 471, 1, 87, 0),
(488, 472, 1, 29, 0),
(489, 473, 1, 0, 42),
(490, 474, 1, 0, 100),
(491, 475, 1, 0, 64),
(492, 476, 1, 91, 0),
(493, 477, 1, 0, 100),
(494, 478, 1, 51, 0),
(495, 479, 1, 0, 100),
(496, 480, 1, 0, 53),
(497, 481, 1, 0, 8),
(498, 482, 1, 73, 0),
(499, 483, 1, 52, 0),
(500, 483, 2, 0, 21),
(501, 484, 1, 100, 0),
(502, 485, 1, 100, 0),
(503, 485, 2, 100, 0),
(504, 486, 1, 0, 58),
(505, 487, 1, 0, 48),
(506, 488, 1, 15, 0),
(507, 489, 1, 59, 0),
(508, 490, 1, 0, 33),
(509, 491, 1, 100, 0),
(510, 492, 1, 100, 0),
(511, 493, 1, 100, 0),
(512, 494, 1, 0, 49),
(513, 495, 1, 39, 0),
(514, 496, 1, 0, 100),
(515, 497, 1, 85, 0),
(516, 498, 1, 41, 0),
(517, 499, 1, 82, 0),
(518, 500, 1, 16, 0),
(519, 501, 1, 64, 0),
(520, 502, 1, 0, 94),
(521, 503, 1, 81, 0),
(522, 504, 1, 95, 0),
(523, 505, 1, 0, 56),
(524, 506, 1, 0, 64),
(525, 507, 1, 0, 72),
(526, 508, 1, 7, 0),
(527, 509, 1, 100, 100),
(528, 510, 1, 0, 0),
(529, 511, 1, 32, 0),
(530, 512, 1, 37, 0),
(531, 513, 1, 100, 0),
(532, 514, 1, 0, 100),
(533, 515, 1, 65, 0),
(534, 516, 1, 11, 0),
(535, 517, 1, 0, 94),
(536, 518, 1, 0, 48),
(537, 519, 1, 0, 82),
(538, 520, 1, 27, 0),
(539, 521, 1, 48, 0),
(540, 522, 1, 0, 99),
(541, 523, 1, 0, 100),
(542, 524, 1, 59, 0),
(543, 525, 1, 100, 0),
(544, 526, 1, 0, 47),
(545, 527, 1, 0, 100),
(546, 528, 1, 0, 66),
(547, 529, 1, 72, 0),
(548, 530, 1, 0, 88),
(549, 531, 1, 0, 100),
(550, 532, 1, 0, 51),
(551, 533, 1, 25, 0),
(552, 534, 1, 51, 0),
(553, 535, 1, 100, 0),
(554, 536, 1, 0, 40),
(555, 537, 1, 0, 94),
(556, 538, 1, 0, 52),
(557, 539, 1, 62, 0),
(558, 540, 1, 0, 66),
(559, 541, 1, 80, 0),
(560, 542, 1, 26, 0),
(561, 543, 1, 0, 20),
(562, 544, 1, 0, 7),
(563, 545, 1, 0, 21),
(564, 546, 1, 0, 57),
(565, 547, 1, 0, 43),
(566, 548, 1, 0, 18),
(567, 549, 1, 88, 0),
(568, 550, 1, 0, 35),
(569, 551, 1, 67, 0),
(570, 552, 1, 0, 33),
(571, 553, 1, 94, 0),
(572, 554, 1, 100, 0),
(573, 555, 1, 0, 38),
(574, 556, 1, 58, 0),
(575, 557, 1, 0, 11),
(576, 558, 1, 37, 0),
(577, 559, 1, 95, 0),
(578, 560, 1, 100, 0),
(579, 561, 1, 0, 53),
(580, 562, 1, 0, 17),
(581, 563, 1, 0, 53),
(582, 564, 1, 47, 0),
(583, 565, 1, 94, 0),
(584, 566, 1, 0, 100),
(585, 567, 1, 0, 97),
(586, 568, 1, 64, 0),
(587, 569, 1, 46, 0),
(588, 570, 1, 8, 0),
(589, 571, 1, 69, 0),
(590, 572, 1, 100, 0),
(591, 573, 1, 12, 0),
(592, 574, 1, 100, 0),
(593, 575, 1, 100, 0),
(594, 576, 1, 0, 100),
(595, 577, 1, 100, 0),
(596, 578, 1, 100, 0),
(597, 579, 1, 53, 0),
(598, 580, 1, 0, 27),
(599, 581, 1, 0, 8),
(600, 582, 1, 60, 0),
(601, 583, 1, 97, 0),
(602, 584, 1, 0, 100),
(603, 584, 2, 0, 63),
(604, 585, 1, 100, 0),
(605, 586, 1, 39, 0),
(606, 586, 2, 0, 100),
(607, 587, 1, 0, 0),
(608, 588, 1, 0, 100),
(609, 589, 1, 67, 0),
(610, 590, 1, 16, 0),
(611, 590, 2, 57, 0),
(612, 591, 1, 1, 100),
(613, 591, 2, 54, 100),
(614, 592, 1, 57, 0),
(615, 592, 2, 57, 0),
(616, 593, 1, 56, 0),
(617, 593, 2, 0, 48),
(618, 594, 1, 0, 100),
(619, 594, 2, 0, 100),
(620, 595, 1, 0, 100),
(621, 595, 2, 18, 0),
(622, 596, 1, 9, 0),
(623, 596, 2, 8, 0),
(624, 597, 1, 0, 37),
(625, 597, 2, 0, 51),
(626, 598, 1, 65, 0),
(627, 598, 2, 36, 0),
(628, 599, 1, 100, 0),
(629, 599, 2, 100, 0),
(630, 600, 1, 0, 26),
(631, 600, 2, 0, 59),
(632, 601, 1, 0, 32),
(633, 601, 2, 37, 0),
(634, 602, 1, 48, 0),
(635, 602, 2, 43, 0),
(636, 603, 1, 79, 0),
(637, 603, 2, 100, 0),
(638, 604, 1, 0, 24),
(639, 604, 2, 0, 26),
(640, 604, 3, 0, 0),
(641, 605, 1, 0, 100),
(642, 606, 1, 0, 100),
(643, 607, 1, 100, 0),
(644, 608, 1, 0, 58),
(645, 609, 1, 0, 17),
(646, 610, 1, 0, 100),
(647, 611, 1, 0, 34),
(648, 612, 1, 0, 100),
(649, 613, 1, 0, 0),
(650, 614, 1, 0, 55),
(651, 615, 1, 0, 100),
(652, 616, 1, 28, 0),
(653, 617, 1, 74, 62),
(654, 618, 1, 100, 0),
(655, 619, 1, 0, 70),
(656, 620, 1, 100, 0),
(657, 621, 1, 100, 0),
(658, 622, 1, 0, 100),
(659, 623, 1, 100, 0),
(660, 624, 1, 0, 0),
(661, 625, 1, 0, 65),
(662, 626, 1, 100, 0),
(663, 627, 1, 100, 0),
(664, 628, 1, 0, 10),
(665, 629, 1, 0, 52),
(666, 630, 1, 0, 30),
(667, 631, 1, 0, 100),
(668, 632, 1, 100, 0),
(669, 633, 1, 100, 0),
(670, 634, 1, 0, 100),
(671, 635, 1, 34, 0),
(672, 636, 1, 68, 0),
(673, 637, 1, 0, 44),
(674, 638, 1, 0, 100),
(675, 639, 1, 0, 100),
(676, 640, 1, 2, 0),
(677, 641, 1, 71, 0),
(678, 642, 1, 100, 0),
(679, 643, 1, 0, 100),
(680, 644, 1, 43, 0),
(681, 645, 1, 100, 0),
(682, 646, 1, 72, 0),
(691, 655, 1, 100, 0),
(692, 656, 1, 0, 100),
(693, 657, 1, 0, 57),
(694, 658, 1, 27, 0),
(695, 659, 1, 100, 0),
(696, 660, 1, 47, 0),
(697, 661, 1, 100, 0),
(698, 662, 1, 100, 0),
(699, 663, 1, 40, 0),
(700, 664, 1, 0, 100),
(701, 665, 1, 30, 0),
(702, 666, 1, 0, 50),
(703, 667, 1, 29, 0),
(704, 668, 1, 0, 100),
(705, 669, 1, 66, 0),
(706, 670, 1, 0, 52),
(707, 671, 1, 0, 90),
(708, 672, 1, 53, 0),
(709, 673, 1, 96, 0),
(710, 674, 1, 0, 40),
(711, 675, 1, 100, 0),
(712, 676, 1, 51, 0),
(713, 677, 1, 27, 0),
(714, 678, 1, 0, 49),
(715, 679, 1, 27, 0),
(716, 680, 1, 67, 0),
(717, 681, 1, 41, 0),
(718, 682, 1, 0, 100),
(719, 683, 1, 0, 0),
(720, 684, 1, 43, 0),
(721, 685, 1, 100, 0),
(722, 686, 1, 72, 0),
(723, 687, 1, 100, 0),
(724, 688, 1, 0, 100),
(725, 689, 1, 0, 34),
(726, 690, 1, 100, 0),
(727, 691, 1, 0, 16),
(728, 692, 1, 0, 62),
(729, 693, 1, 0, 100),
(730, 694, 1, 0, 100),
(731, 695, 1, 89, 0),
(732, 696, 1, 100, 0),
(733, 697, 1, 0, 100),
(734, 698, 1, 0, 51),
(735, 699, 1, 45, 0),
(736, 700, 1, 4, 0),
(737, 701, 1, 100, 0),
(738, 702, 1, 0, 100),
(739, 703, 1, 0, 100),
(740, 704, 1, 0, 64),
(741, 705, 1, 0, 37),
(742, 706, 1, 0, 100),
(743, 707, 1, 41, 0),
(744, 708, 1, 0, 2),
(745, 709, 1, 0, 72),
(746, 710, 1, 0, 34),
(747, 711, 1, 0, 100),
(748, 712, 1, 0, 100),
(749, 713, 1, 0, 15),
(750, 714, 1, 100, 0),
(751, 715, 1, 100, 0),
(752, 716, 1, 97, 0),
(753, 717, 1, 0, 100),
(754, 718, 1, 0, 100),
(755, 719, 1, 100, 0),
(756, 720, 1, 39, 0),
(757, 721, 1, 24, 0),
(758, 722, 1, 70, 0),
(759, 723, 1, 15, 0),
(760, 724, 1, 0, 74),
(761, 725, 1, 0, 31),
(762, 726, 1, 11, 0),
(763, 727, 1, 0, 37),
(764, 728, 1, 0, 0),
(765, 729, 1, 29, 0),
(766, 730, 1, 100, 0),
(767, 731, 1, 0, 45),
(768, 732, 1, 0, 0),
(769, 733, 1, 65, 0),
(770, 734, 1, 1, 0),
(771, 735, 1, 100, 0),
(772, 736, 1, 0, 56),
(773, 737, 1, 0, 100),
(774, 738, 1, 0, 100),
(775, 739, 1, 100, 0),
(776, 740, 1, 97, 0),
(777, 741, 1, 100, 0),
(778, 742, 1, 0, 100),
(779, 743, 1, 0, 55),
(780, 744, 1, 65, 0),
(781, 745, 1, 0, 37),
(782, 746, 1, 0, 100),
(783, 747, 1, 0, 88),
(784, 748, 1, 0, 48),
(785, 749, 1, 0, 100),
(786, 750, 1, 100, 0),
(787, 751, 1, 100, 0),
(788, 752, 1, 0, 50),
(789, 753, 1, 89, 0),
(790, 754, 1, 0, 2),
(791, 755, 1, 0, 64),
(792, 756, 1, 100, 0),
(793, 757, 1, 0, 86),
(794, 758, 1, 100, 0),
(795, 759, 1, 94, 0),
(796, 760, 1, 0, 100),
(797, 761, 1, 0, 0),
(798, 762, 1, 34, 0),
(799, 763, 1, 1, 0),
(800, 764, 1, 94, 0),
(801, 765, 1, 0, 68),
(802, 766, 1, 0, 89),
(803, 767, 1, 0, 100),
(804, 768, 1, 0, 73),
(805, 769, 1, 0, 52),
(806, 770, 1, 100, 0),
(807, 771, 1, 0, 0),
(808, 772, 1, 100, 0),
(809, 773, 1, 0, 53),
(810, 774, 1, 0, 50),
(811, 775, 1, 87, 0),
(812, 776, 1, 90, 0),
(813, 777, 1, 29, 0),
(814, 778, 1, 100, 0),
(815, 779, 1, 39, 0),
(816, 780, 1, 0, 34),
(817, 781, 1, 0, 100),
(818, 782, 1, 0, 98),
(819, 783, 1, 0, 100),
(820, 784, 1, 0, 20),
(821, 785, 1, 0, 41),
(822, 786, 1, 100, 0),
(823, 787, 1, 24, 0),
(824, 788, 1, 0, 100),
(825, 789, 1, 31, 0),
(826, 790, 1, 0, 34),
(827, 791, 1, 0, 100),
(828, 792, 1, 0, 54),
(829, 793, 1, 63, 0),
(830, 794, 1, 0, 0),
(831, 795, 1, 100, 0),
(832, 796, 1, 0, 100),
(833, 797, 1, 15, 0),
(834, 798, 1, 96, 0),
(835, 799, 1, 100, 0),
(836, 800, 1, 0, 44),
(837, 801, 1, 41, 0),
(838, 802, 1, 100, 0),
(839, 803, 1, 100, 0),
(840, 804, 1, 53, 0),
(841, 805, 1, 62, 0),
(842, 806, 1, 53, 0),
(843, 807, 1, 0, 34),
(844, 808, 1, 100, 0),
(845, 809, 1, 13, 0),
(846, 810, 1, 49, 0),
(847, 811, 1, 62, 0),
(848, 812, 1, 100, 0),
(849, 813, 1, 0, 100),
(850, 814, 1, 0, 100),
(851, 815, 1, 0, 0),
(852, 816, 1, 0, 5),
(853, 817, 1, 11, 0),
(854, 818, 1, 0, 94),
(855, 819, 1, 0, 100),
(856, 820, 1, 0, 8),
(857, 821, 1, 0, 12),
(858, 822, 1, 49, 0),
(859, 823, 1, 100, 0),
(860, 824, 1, 0, 100),
(861, 825, 1, 24, 0),
(862, 826, 1, 100, 0),
(863, 827, 1, 95, 0),
(864, 828, 1, 0, 86),
(865, 829, 1, 0, 82),
(866, 830, 1, 0, 91),
(867, 831, 1, 51, 0),
(868, 832, 1, 14, 0),
(869, 833, 1, 18, 0),
(870, 834, 1, 0, 100),
(871, 835, 1, 2, 55),
(872, 836, 1, 0, 95),
(873, 837, 1, 0, 100),
(874, 838, 1, 68, 0),
(875, 839, 1, 0, 100),
(876, 840, 1, 0, 15),
(877, 841, 1, 47, 0),
(878, 842, 1, 0, 21),
(879, 843, 1, 100, 0),
(880, 844, 1, 89, 0),
(881, 845, 1, 0, 25),
(882, 846, 1, 17, 0),
(883, 847, 1, 0, 73),
(884, 848, 1, 46, 0),
(885, 849, 1, 19, 0),
(886, 850, 1, 100, 0),
(887, 851, 1, 100, 0),
(888, 852, 1, 68, 0);

-- --------------------------------------------------------

--
-- Estructura de tabla para la tabla `temporadas`
--

DROP TABLE IF EXISTS `temporadas`;
CREATE TABLE `temporadas` (
  `id` int(11) NOT NULL,
  `numero` int(11) NOT NULL,
  `estado` enum('en_curso','finalizada') NOT NULL
) ENGINE=InnoDB DEFAULT CHARSET=utf8mb4 COLLATE=utf8mb4_general_ci;

--
-- Volcado de datos para la tabla `temporadas`
--

INSERT INTO `temporadas` (`id`, `numero`, `estado`) VALUES
(1, 1, 'finalizada'),
(2, 2, 'finalizada'),
(3, 3, 'en_curso');

-- --------------------------------------------------------

--
-- Estructura de tabla para la tabla `zonas_clasificacion`
--

DROP TABLE IF EXISTS `zonas_clasificacion`;
CREATE TABLE `zonas_clasificacion` (
  `id` int(11) NOT NULL,
  `competicion_temporada_id` int(11) NOT NULL,
  `nombre` varchar(100) NOT NULL,
  `posicion_inicio` int(11) NOT NULL,
  `posicion_fin` int(11) NOT NULL,
  `color` varchar(50) DEFAULT NULL
) ENGINE=InnoDB DEFAULT CHARSET=utf8mb4 COLLATE=utf8mb4_general_ci;

--
-- Volcado de datos para la tabla `zonas_clasificacion`
--

INSERT INTO `zonas_clasificacion` (`id`, `competicion_temporada_id`, `nombre`, `posicion_inicio`, `posicion_fin`, `color`) VALUES
(1, 1, 'Campeón', 1, 1, 'amarillo'),
(2, 1, 'Champions', 1, 6, 'azul'),
(3, 1, 'Promoción descenso', 17, 19, 'naranja'),
(4, 1, 'Descenso', 20, 20, 'rojo'),
(5, 4, 'Campeón', 1, 1, 'amarillo'),
(6, 4, 'Champions', 1, 4, 'azul'),
(7, 4, 'Mundial', 1, 6, 'verde'),
(8, 4, 'Promoción descenso', 17, 19, 'naranja'),
(9, 4, 'Descenso', 20, 20, 'rojo'),
(10, 5, 'Campeón', 1, 1, 'amarillo'),
(11, 5, 'Champions', 1, 6, 'azul'),
(12, 5, 'Mundial', 1, 6, 'verde'),
(13, 5, 'Promoción descenso', 16, 19, 'naranja'),
(14, 5, 'Descenso', 20, 20, 'rojo'),
(15, 9, 'Campeón', 1, 1, 'amarillo'),
(16, 9, 'Champions', 1, 6, 'azul'),
(17, 9, 'Mundial', 1, 6, 'verde'),
(18, 9, 'Promoción descenso', 17, 19, 'naranja'),
(19, 9, 'Descenso', 20, 20, 'rojo'),
(20, 10, 'Campeón', 1, 1, 'amarillo'),
(21, 10, 'Champions', 1, 4, 'azul'),
(22, 10, 'Mundial', 1, 6, 'verde'),
(23, 10, 'Promoción descenso', 17, 19, 'naranja'),
(24, 10, 'Descenso', 20, 20, 'rojo'),
(25, 2, 'Campeón', 1, 1, 'amarillo'),
(26, 6, 'Campeón', 1, 1, 'amarillo'),
(27, 3, 'Campeón', 1, 1, 'amarillo'),
(28, 7, 'Campeón', 1, 1, 'amarillo');

--
-- Índices para tablas volcadas
--

--
-- Indices de la tabla `admin`
--
ALTER TABLE `admin`
  ADD PRIMARY KEY (`id`),
  ADD UNIQUE KEY `usuario` (`usuario`);

--
-- Indices de la tabla `competiciones`
--
ALTER TABLE `competiciones`
  ADD PRIMARY KEY (`id`);

--
-- Indices de la tabla `competiciones_temporadas`
--
ALTER TABLE `competiciones_temporadas`
  ADD PRIMARY KEY (`id`),
  ADD UNIQUE KEY `unique_competicion_temporada` (`competicion_id`,`temporada_id`),
  ADD UNIQUE KEY `unica_temporada` (`competicion_id`,`temporada_id`),
  ADD KEY `temporada_id` (`temporada_id`);

--
-- Indices de la tabla `mundial_ediciones`
--
ALTER TABLE `mundial_ediciones`
  ADD PRIMARY KEY (`id`),
  ADD KEY `competicion_temporada_id` (`competicion_temporada_id`),
  ADD KEY `region_campeona_id` (`region_campeona_id`);

--
-- Indices de la tabla `mundial_participantes`
--
ALTER TABLE `mundial_participantes`
  ADD PRIMARY KEY (`id`),
  ADD KEY `mundial_id` (`mundial_id`),
  ADD KEY `region_id` (`region_id`),
  ADD KEY `pokemon_id` (`pokemon_id`);

--
-- Indices de la tabla `mundial_regiones`
--
ALTER TABLE `mundial_regiones`
  ADD PRIMARY KEY (`id`);

--
-- Indices de la tabla `mundial_resultados`
--
ALTER TABLE `mundial_resultados`
  ADD PRIMARY KEY (`id`),
  ADD KEY `mundial_id` (`mundial_id`),
  ADD KEY `region_local_id` (`region_local_id`),
  ADD KEY `region_visitante_id` (`region_visitante_id`);

--
-- Indices de la tabla `participantes`
--
ALTER TABLE `participantes`
  ADD PRIMARY KEY (`id`),
  ADD UNIQUE KEY `unique_participantes` (`competicion_temporada_id`,`pokemon_id`),
  ADD KEY `pokemon_id` (`pokemon_id`);

--
-- Indices de la tabla `partidos`
--
ALTER TABLE `partidos`
  ADD PRIMARY KEY (`id`),
  ADD KEY `local_id` (`local_id`),
  ADD KEY `visitante_id` (`visitante_id`),
  ADD KEY `partidos_ibfk_1` (`competicion_temporada_id`);

--
-- Indices de la tabla `plazas_especiales`
--
ALTER TABLE `plazas_especiales`
  ADD PRIMARY KEY (`id`),
  ADD KEY `participante_id` (`participante_id`),
  ADD KEY `plazas_especiales_ibfk_1` (`competicion_temporada_id`);

--
-- Indices de la tabla `pokemon`
--
ALTER TABLE `pokemon`
  ADD PRIMARY KEY (`id`);

--
-- Indices de la tabla `sets`
--
ALTER TABLE `sets`
  ADD PRIMARY KEY (`id`),
  ADD UNIQUE KEY `unique_partido_set` (`partido_id`,`numero_set`);

--
-- Indices de la tabla `temporadas`
--
ALTER TABLE `temporadas`
  ADD PRIMARY KEY (`id`);

--
-- Indices de la tabla `zonas_clasificacion`
--
ALTER TABLE `zonas_clasificacion`
  ADD PRIMARY KEY (`id`),
  ADD KEY `zonas_clasificacion_ibfk_1` (`competicion_temporada_id`);

--
-- AUTO_INCREMENT de las tablas volcadas
--

--
-- AUTO_INCREMENT de la tabla `admin`
--
ALTER TABLE `admin`
  MODIFY `id` int(11) NOT NULL AUTO_INCREMENT, AUTO_INCREMENT=2;

--
-- AUTO_INCREMENT de la tabla `competiciones`
--
ALTER TABLE `competiciones`
  MODIFY `id` int(11) NOT NULL AUTO_INCREMENT, AUTO_INCREMENT=13;

--
-- AUTO_INCREMENT de la tabla `competiciones_temporadas`
--
ALTER TABLE `competiciones_temporadas`
  MODIFY `id` int(11) NOT NULL AUTO_INCREMENT, AUTO_INCREMENT=11;

--
-- AUTO_INCREMENT de la tabla `mundial_ediciones`
--
ALTER TABLE `mundial_ediciones`
  MODIFY `id` int(11) NOT NULL AUTO_INCREMENT, AUTO_INCREMENT=2;

--
-- AUTO_INCREMENT de la tabla `mundial_participantes`
--
ALTER TABLE `mundial_participantes`
  MODIFY `id` int(11) NOT NULL AUTO_INCREMENT, AUTO_INCREMENT=13;

--
-- AUTO_INCREMENT de la tabla `mundial_regiones`
--
ALTER TABLE `mundial_regiones`
  MODIFY `id` int(11) NOT NULL AUTO_INCREMENT, AUTO_INCREMENT=10;

--
-- AUTO_INCREMENT de la tabla `mundial_resultados`
--
ALTER TABLE `mundial_resultados`
  MODIFY `id` int(11) NOT NULL AUTO_INCREMENT, AUTO_INCREMENT=2;

--
-- AUTO_INCREMENT de la tabla `participantes`
--
ALTER TABLE `participantes`
  MODIFY `id` int(11) NOT NULL AUTO_INCREMENT, AUTO_INCREMENT=138;

--
-- AUTO_INCREMENT de la tabla `partidos`
--
ALTER TABLE `partidos`
  MODIFY `id` int(11) NOT NULL AUTO_INCREMENT, AUTO_INCREMENT=853;

--
-- AUTO_INCREMENT de la tabla `plazas_especiales`
--
ALTER TABLE `plazas_especiales`
  MODIFY `id` int(11) NOT NULL AUTO_INCREMENT, AUTO_INCREMENT=7;

--
-- AUTO_INCREMENT de la tabla `pokemon`
--
ALTER TABLE `pokemon`
  MODIFY `id` int(11) NOT NULL AUTO_INCREMENT, AUTO_INCREMENT=387;

--
-- AUTO_INCREMENT de la tabla `sets`
--
ALTER TABLE `sets`
  MODIFY `id` int(11) NOT NULL AUTO_INCREMENT, AUTO_INCREMENT=889;

--
-- AUTO_INCREMENT de la tabla `temporadas`
--
ALTER TABLE `temporadas`
  MODIFY `id` int(11) NOT NULL AUTO_INCREMENT, AUTO_INCREMENT=4;

--
-- AUTO_INCREMENT de la tabla `zonas_clasificacion`
--
ALTER TABLE `zonas_clasificacion`
  MODIFY `id` int(11) NOT NULL AUTO_INCREMENT, AUTO_INCREMENT=29;

--
-- Restricciones para tablas volcadas
--

--
-- Filtros para la tabla `competiciones_temporadas`
--
ALTER TABLE `competiciones_temporadas`
  ADD CONSTRAINT `competiciones_temporadas_ibfk_1` FOREIGN KEY (`competicion_id`) REFERENCES `competiciones` (`id`) ON DELETE CASCADE,
  ADD CONSTRAINT `competiciones_temporadas_ibfk_2` FOREIGN KEY (`temporada_id`) REFERENCES `temporadas` (`id`) ON DELETE CASCADE;

--
-- Filtros para la tabla `mundial_ediciones`
--
ALTER TABLE `mundial_ediciones`
  ADD CONSTRAINT `mundial_ediciones_ibfk_1` FOREIGN KEY (`competicion_temporada_id`) REFERENCES `competiciones_temporadas` (`id`),
  ADD CONSTRAINT `mundial_ediciones_ibfk_2` FOREIGN KEY (`region_campeona_id`) REFERENCES `mundial_regiones` (`id`);

--
-- Filtros para la tabla `mundial_participantes`
--
ALTER TABLE `mundial_participantes`
  ADD CONSTRAINT `mundial_participantes_ibfk_1` FOREIGN KEY (`mundial_id`) REFERENCES `mundial_ediciones` (`id`),
  ADD CONSTRAINT `mundial_participantes_ibfk_2` FOREIGN KEY (`region_id`) REFERENCES `mundial_regiones` (`id`),
  ADD CONSTRAINT `mundial_participantes_ibfk_3` FOREIGN KEY (`pokemon_id`) REFERENCES `pokemon` (`id`);

--
-- Filtros para la tabla `mundial_resultados`
--
ALTER TABLE `mundial_resultados`
  ADD CONSTRAINT `mundial_resultados_ibfk_1` FOREIGN KEY (`mundial_id`) REFERENCES `mundial_ediciones` (`id`),
  ADD CONSTRAINT `mundial_resultados_ibfk_2` FOREIGN KEY (`region_local_id`) REFERENCES `mundial_regiones` (`id`),
  ADD CONSTRAINT `mundial_resultados_ibfk_3` FOREIGN KEY (`region_visitante_id`) REFERENCES `mundial_regiones` (`id`);

--
-- Filtros para la tabla `participantes`
--
ALTER TABLE `participantes`
  ADD CONSTRAINT `participantes_ibfk_1` FOREIGN KEY (`competicion_temporada_id`) REFERENCES `competiciones_temporadas` (`id`) ON DELETE CASCADE,
  ADD CONSTRAINT `participantes_ibfk_2` FOREIGN KEY (`pokemon_id`) REFERENCES `pokemon` (`id`) ON DELETE CASCADE;

--
-- Filtros para la tabla `partidos`
--
ALTER TABLE `partidos`
  ADD CONSTRAINT `partidos_ibfk_1` FOREIGN KEY (`competicion_temporada_id`) REFERENCES `competiciones_temporadas` (`id`) ON DELETE CASCADE,
  ADD CONSTRAINT `partidos_ibfk_2` FOREIGN KEY (`local_id`) REFERENCES `participantes` (`id`) ON DELETE CASCADE,
  ADD CONSTRAINT `partidos_ibfk_3` FOREIGN KEY (`visitante_id`) REFERENCES `participantes` (`id`) ON DELETE CASCADE;

--
-- Filtros para la tabla `plazas_especiales`
--
ALTER TABLE `plazas_especiales`
  ADD CONSTRAINT `plazas_especiales_ibfk_1` FOREIGN KEY (`competicion_temporada_id`) REFERENCES `competiciones_temporadas` (`id`) ON DELETE CASCADE,
  ADD CONSTRAINT `plazas_especiales_ibfk_2` FOREIGN KEY (`participante_id`) REFERENCES `participantes` (`id`) ON DELETE CASCADE;

--
-- Filtros para la tabla `sets`
--
ALTER TABLE `sets`
  ADD CONSTRAINT `sets_ibfk_1` FOREIGN KEY (`partido_id`) REFERENCES `partidos` (`id`) ON DELETE CASCADE;

--
-- Filtros para la tabla `zonas_clasificacion`
--
ALTER TABLE `zonas_clasificacion`
  ADD CONSTRAINT `zonas_clasificacion_ibfk_1` FOREIGN KEY (`competicion_temporada_id`) REFERENCES `competiciones_temporadas` (`id`) ON DELETE CASCADE;
COMMIT;

/*!40101 SET CHARACTER_SET_CLIENT=@OLD_CHARACTER_SET_CLIENT */;
/*!40101 SET CHARACTER_SET_RESULTS=@OLD_CHARACTER_SET_RESULTS */;
/*!40101 SET COLLATION_CONNECTION=@OLD_COLLATION_CONNECTION */;
